Workbook

Sheet Petunjuk
A1: Kunci Jawaban: Jam Kerja, Keterlambatan, dan Lembur
A2: Latihan 21 dari 24 | Tingkat: Lanjutan | Perkiraan waktu: 65 menit | pushexcel.github.io/Pushexcel
A4: Skenario
A5: Kamu admin HRD di CV Sinar Teknik. Dari mesin absensi bulan Oktober 2026 kamu punya jam masuk dan jam pulang 6 karyawan. Jam masuk resmi 08.00, jam kerja normal 8 jam (480 menit) dan istirahat 60 menit tidak dihitung. Waktu di luar jam normal dihitung lembur dan dibayar per jam. Semua perhitungan dalam menit agar akurat.
A7: Cara memakai kunci
A8: 1. | B8: Sel hijau berisi rumus kunci yang sudah dihitung. Klik sel untuk melihat rumusnya.
A9: 2. | B9: Kolom Rumus kunci di bawah menampilkan rumus untuk baris pertama atau tiap sel jawaban.
A10: 3. | B10: Rumus ditulis dengan titik koma (;). Ganti dengan koma (,) bila Excel kamu berbahasa Inggris.
A11: 4. | B11: Jawaban lain yang benar secara logika juga boleh, selama hasilnya sama.
A13: Arti warna
B14: Judul kolom data yang sudah diberikan
B15: Judul kolom hasil hitung
B16: Sel berisi rumus kunci
B17: Angka berwarna biru pada blok Parameter = nilai tetap yang boleh dirujuk
A19: Daftar soal
A20: No | B20: Soal | C20: Jawab di | D20: Rumus kunci
A21: 1 | B21: Hitung durasi kerja dalam menit: (jam pulang dikurangi jam masuk) dikali 1440, dibulatkan ke bilangan bulat. | C21: Sheet Data, kolom F (Durasi (menit)), baris 2 sampai 37 | D21: =ROUND((E2-D2)*1440;0)
A22: 2 | B22: Ubah durasi menit menjadi jam desimal. | C22: Sheet Data, kolom G (Durasi (jam)), baris 2 sampai 37 | D22: =F2/60
A23: 3 | B23: Hitung menit terlambat: jam masuk dikurangi jam masuk resmi, dikali 1440. Datang lebih awal dihitung 0. | C23: Sheet Data, kolom H (Terlambat (menit)), baris 2 sampai 37 | D23: =ROUND(MAX(0;D2-$N$2)*1440;0)
A24: 4 | B24: Beri status Terlambat bila menit terlambat lebih dari 0, selain itu Tepat Waktu. | C24: Sheet Data, kolom I (Status), baris 2 sampai 37 | D24: =IF(H2>0;"Terlambat";"Tepat Waktu")
A25: 5 | B25: Hitung lembur dalam menit: durasi dikurangi istirahat dan jam kerja normal. Bila hasilnya negatif tulis 0. | C25: Sheet Data, kolom J (Lembur (menit)), baris 2 sampai 37 | D25: =MAX(0;F2-$N$3-$N$4)
A26: 6 | B26: Hitung upah lembur: lembur (menit) dibagi 60, dikali tarif lembur per jam. | C26: Sheet Data, kolom K (Upah Lembur), baris 2 sampai 37 | D26: =ROUND(J2/60*$N$5;0)
A27: 7 | B27: Berapa catatan absensi yang berstatus Terlambat? | C27: Sheet Ringkasan, sel C4 | D27: =COUNTIF(Data!$I$2:$I$37;"Terlambat")
A28: 8 | B28: Berapa total jam lembur seluruh karyawan, dan berapa total upah lembur? | C28: Sheet Ringkasan, sel C5 sampai C6 | D28: =SUM(Data!$J$2:$J$37)/60 =SUM(Data!$K$2:$K$37)
A29: 9 | B29: Berapa rata-rata durasi kerja per hari (dalam jam)? | C29: Sheet Ringkasan, sel C7 | D29: =AVERAGE(Data!$G$2:$G$37)
A30: 10 | B30: Pada sheet Acuan, hitung jumlah hari hadir tiap karyawan. | C30: Sheet Acuan, kolom B (Jumlah Hari Hadir), baris 2 sampai 7 | D30: =COUNTIF(Data!$C$2:$C$37;A2)
A31: 11 | B31: Pada sheet Acuan, hitung total lembur (menit) tiap karyawan. | C31: Sheet Acuan, kolom C (Total Lembur (menit)), baris 2 sampai 7 | D31: =SUMIF(Data!$C$2:$C$37;A2;Data!$J$2:$J$37)
... A33: 13 | B33: Siapa karyawan dengan total lembur terbanyak? | C33: Sheet Ringkasan, sel C8 | D33: =INDEX(Acuan!$A$2:$A$7;MATCH(MAX(Acuan!$C$2:$C$7);Acuan!$C$2:$C$7;0))

Sheet Data
A1: No | B1: Tanggal | C1: Karyawan | D1: Jam Masuk | E1: Jam Pulang | F1: Durasi (menit) | G1: Durasi (jam) | H1: Terlambat (menit) | I1: Status | J1: Lembur (menit) | K1: Upah Lembur | M1: Parameter | N1: Nilai | O1: Keterangan
A2: 1 | B2: 46297 | C2: Arif Ramadhan | D2: 0.35069444 | E2: 0.77083333 | F2: =ROUND((E2-D2)*1440,0) -> 605 | G2: =F2/60 -> 10.083333 | H2: =ROUND(MAX(0,D2-$N$2)*1440,0) -> 25 | I2: =IF(H2>0,"Terlambat","Tepat Waktu") -> Terlambat | J2: =MAX(0,F2-$N$3-$N$4) -> 65 | K2: =ROUND(J2/60*$N$5,0) -> 27083 | M2: Jam masuk resmi | N2: 0.33333333
A3: 2 | B3: 46297 | C3: Wawan Syahputra | D3: 0.31597222 | E3: 0.73611111 | F3: =ROUND((E3-D3)*1440,0) -> 605 | G3: =F3/60 -> 10.083333 | H3: =ROUND(MAX(0,D3-$N$2)*1440,0) -> 0 | I3: =IF(H3>0,"Terlambat","Tepat Waktu") -> Tepat Waktu | J3: =MAX(0,F3-$N$3-$N$4) -> 65 | K3: =ROUND(J3/60*$N$5,0) -> 27083 | M3: Istirahat (menit) | N3: 60 | O3: Tidak dihitung sebagai jam kerja
A4: 3 | B4: 46300 | C4: Putri Nugroho | D4: 0.35416667 | E4: 0.76388889 | F4: =ROUND((E4-D4)*1440,0) -> 590 | G4: =F4/60 -> 9.8333333 | H4: =ROUND(MAX(0,D4-$N$2)*1440,0) -> 30 | I4: =IF(H4>0,"Terlambat","Tepat Waktu") -> Terlambat | J4: =MAX(0,F4-$N$3-$N$4) -> 50 | K4: =ROUND(J4/60*$N$5,0) -> 20833 | M4: Jam kerja normal (menit) | N4: 480 | O4: 8 jam x 60 menit
A5: 4 | B5: 46301 | C5: Prasetyo Nugroho | D5: 0.36111111 | E5: 0.78472222 | F5: =ROUND((E5-D5)*1440,0) -> 610 | G5: =F5/60 -> 10.166667 | H5: =ROUND(MAX(0,D5-$N$2)*1440,0) -> 40 | I5: =IF(H5>0,"Terlambat","Tepat Waktu") -> Terlambat | J5: =MAX(0,F5-$N$3-$N$4) -> 70 | K5: =ROUND(J5/60*$N$5,0) -> 29167 | M5: Tarif lembur per jam | N5: 25000
A6: 5 | B6: 46301 | C6: Utami Setiawan | D6: 0.32986111 | E6: 0.74305556 | F6: =ROUND((E6-D6)*1440,0) -> 595 | G6: =F6/60 -> 9.9166667 | H6: =ROUND(MAX(0,D6-$N$2)*1440,0) -> 0 | I6: =IF(H6>0,"Terlambat","Tepat Waktu") -> Tepat Waktu | J6: =MAX(0,F6-$N$3-$N$4) -> 55 | K6: =ROUND(J6/60*$N$5,0) -> 22917
A7: 6 | B7: 46301 | C7: Wawan Syahputra | D7: 0.35763889 | E7: 0.80902778 | F7: =ROUND((E7-D7)*1440,0) -> 650 | G7: =F7/60 -> 10.833333 | H7: =ROUND(MAX(0,D7-$N$2)*1440,0) -> 35 | I7: =IF(H7>0,"Terlambat","Tepat Waktu") -> Terlambat | J7: =MAX(0,F7-$N$3-$N$4) -> 110 | K7: =ROUND(J7/60*$N$5,0) -> 45833
A8: 7 | B8: 46302 | C8: Prasetyo Nugroho | D8: 0.34375 | E8: 0.70833333 | F8: =ROUND((E8-D8)*1440,0) -> 525 | G8: =F8/60 -> 8.75 | H8: =ROUND(MAX(0,D8-$N$2)*1440,0) -> 15 | I8: =IF(H8>0,"Terlambat","Tepat Waktu") -> Terlambat | J8: =MAX(0,F8-$N$3-$N$4) -> 0 | K8: =ROUND(J8/60*$N$5,0) -> 0
A9: 8 | B9: 46302 | C9: Utami Setiawan | D9: 0.3125 | E9: 0.70138889 | F9: =ROUND((E9-D9)*1440,0) -> 560 | G9: =F9/60 -> 9.3333333 | H9: =ROUND(MAX(0,D9-$N$2)*1440,0) -> 0 | I9: =IF(H9>0,"Terlambat","Tepat Waktu") -> Tepat Waktu | J9: =MAX(0,F9-$N$3-$N$4) -> 20 | K9: =ROUND(J9/60*$N$5,0) -> 8333
A10: 9 | B10: 46303 | C10: Lukman Nugroho | D10: 0.32638889 | E10: 0.6875 | F10: =ROUND((E10-D10)*1440,0) -> 520 | G10: =F10/60 -> 8.6666667 | H10: =ROUND(MAX(0,D10-$N$2)*1440,0) -> 0 | I10: =IF(H10>0,"Terlambat","Tepat Waktu") -> Tepat Waktu | J10: =MAX(0,F10-$N$3-$N$4) -> 0 | K10: =ROUND(J10/60*$N$5,0) -> 0
A11: 10 | B11: 46304 | C11: Arif Ramadhan | D11: 0.36111111 | E11: 0.72222222 | F11: =ROUND((E11-D11)*1440,0) -> 520 | G11: =F11/60 -> 8.6666667 | H11: =ROUND(MAX(0,D11-$N$2)*1440,0) -> 40 | I11: =IF(H11>0,"Terlambat","Tepat Waktu") -> Terlambat | J11: =MAX(0,F11-$N$3-$N$4) -> 0 | K11: =ROUND(J11/60*$N$5,0) -> 0
A12: 11 | B12: 46304 | C12: Lukman Nugroho | D12: 0.35069444 | E12: 0.72916667 | F12: =ROUND((E12-D12)*1440,0) -> 545 | G12: =F12/60 -> 9.0833333 | H12: =ROUND(MAX(0,D12-$N$2)*1440,0) -> 25 | I12: =IF(H12>0,"Terlambat","Tepat Waktu") -> Terlambat | J12: =MAX(0,F12-$N$3-$N$4) -> 5 | K12: =ROUND(J12/60*$N$5,0) -> 2083
A13: 12 | B13: 46304 | C13: Putri Nugroho | D13: 0.34722222 | E13: 0.77777778 | F13: =ROUND((E13-D13)*1440,0) -> 620 | G13: =F13/60 -> 10.333333 | H13: =ROUND(MAX(0,D13-$N$2)*1440,0) -> 20 | I13: =IF(H13>0,"Terlambat","Tepat Waktu") -> Terlambat | J13: =MAX(0,F13-$N$3-$N$4) -> 80 | K13: =ROUND(J13/60*$N$5,0) -> 33333
A14: 13 | B14: 46304 | C14: Utami Setiawan | D14: 0.33680556 | E14: 0.76041667 | F14: =ROUND((E14-D14)*1440,0) -> 610 | G14: =F14/60 -> 10.166667 | H14: =ROUND(MAX(0,D14-$N$2)*1440,0) -> 5 | I14: =IF(H14>0,"Terlambat","Tepat Waktu") -> Terlambat | J14: =MAX(0,F14-$N$3-$N$4) -> 70 | K14: =ROUND(J14/60*$N$5,0) -> 29167
A15: 14 | B15: 46307 | C15: Arif Ramadhan | D15: 0.32291667 | E15: 0.75347222 | F15: =ROUND((E15-D15)*1440,0) -> 620 | G15: =F15/60 -> 10.333333 | H15: =ROUND(MAX(0,D15-$N$2)*1440,0) -> 0 | I15: =IF(H15>0,"Terlambat","Tepat Waktu") -> Tepat Waktu | J15: =MAX(0,F15-$N$3-$N$4) -> 80 | K15: =ROUND(J15/60*$N$5,0) -> 33333
A16: 15 | B16: 46307 | C16: Lukman Nugroho | D16: 0.36111111 | E16: 0.76736111 | F16: =ROUND((E16-D16)*1440,0) -> 585 | G16: =F16/60 -> 9.75 | H16: =ROUND(MAX(0,D16-$N$2)*1440,0) -> 40 | I16: =IF(H16>0,"Terlambat","Tepat Waktu") -> Terlambat | J16: =MAX(0,F16-$N$3-$N$4) -> 45 | K16: =ROUND(J16/60*$N$5,0) -> 18750
A17: 16 | B17: 46307 | C17: Putri Nugroho | D17: 0.32291667 | E17: 0.77777778 | F17: =ROUND((E17-D17)*1440,0) -> 655 | G17: =F17/60 -> 10.916667 | H17: =ROUND(MAX(0,D17-$N$2)*1440,0) -> 0 | I17: =IF(H17>0,"Terlambat","Tepat Waktu") -> Tepat Waktu | J17: =MAX(0,F17-$N$3-$N$4) -> 115 | K17: =ROUND(J17/60*$N$5,0) -> 47917
... A37: 36 | B37: 46325 | C37: Wawan Syahputra | D37: 0.31597222 | E37: 0.70486111 | F37: =ROUND((E37-D37)*1440,0) -> 560 | G37: =F37/60 -> 9.3333333 | H37: =ROUND(MAX(0,D37-$N$2)*1440,0) -> 0 | I37: =IF(H37>0,"Terlambat","Tepat Waktu") -> Tepat Waktu | J37: =MAX(0,F37-$N$3-$N$4) -> 20 | K37: =ROUND(J37/60*$N$5,0) -> 8333

Sheet Acuan
A1: Karyawan | B1: Jumlah Hari Hadir | C1: Total Lembur (menit) | D1: Total Upah Lembur
A2: Putri Nugroho | B2: =COUNTIF(Data!$C$2:$C$37,A2) -> 6 | C2: =SUMIF(Data!$C$2:$C$37,A2,Data!$J$2:$J$37) -> 355 | D2: =SUMIF(Data!$C$2:$C$37,A2,Data!$K$2:$K$37) -> 147916
A3: Arif Ramadhan | B3: =COUNTIF(Data!$C$2:$C$37,A3) -> 6 | C3: =SUMIF(Data!$C$2:$C$37,A3,Data!$J$2:$J$37) -> 175 | D3: =SUMIF(Data!$C$2:$C$37,A3,Data!$K$2:$K$37) -> 72916
A4: Utami Setiawan | B4: =COUNTIF(Data!$C$2:$C$37,A4) -> 6 | C4: =SUMIF(Data!$C$2:$C$37,A4,Data!$J$2:$J$37) -> 240 | D4: =SUMIF(Data!$C$2:$C$37,A4,Data!$K$2:$K$37) -> 100000
A5: Lukman Nugroho | B5: =COUNTIF(Data!$C$2:$C$37,A5) -> 6 | C5: =SUMIF(Data!$C$2:$C$37,A5,Data!$J$2:$J$37) -> 250 | D5: =SUMIF(Data!$C$2:$C$37,A5,Data!$K$2:$K$37) -> 104166
A6: Prasetyo Nugroho | B6: =COUNTIF(Data!$C$2:$C$37,A6) -> 6 | C6: =SUMIF(Data!$C$2:$C$37,A6,Data!$J$2:$J$37) -> 70 | D6: =SUMIF(Data!$C$2:$C$37,A6,Data!$K$2:$K$37) -> 29167
A7: Wawan Syahputra | B7: =COUNTIF(Data!$C$2:$C$37,A7) -> 6 | C7: =SUMIF(Data!$C$2:$C$37,A7,Data!$J$2:$J$37) -> 335 | D7: =SUMIF(Data!$C$2:$C$37,A7,Data!$K$2:$K$37) -> 139582

Sheet Ringkasan
A1: Ringkasan: lembar jawaban soal berjenis ringkasan
A2: Sel hijau berisi rumus kunci.
A3: No | B3: Pertanyaan | C3: Jawaban | D3: Contoh format hasil
A4: 7 | B4: Jumlah catatan terlambat | C4: =COUNTIF(Data!$I$2:$I$37,"Terlambat") -> 20 | D4: Angka bulat, mis. 15
A5: 8a | B5: Total jam lembur | C5: =SUM(Data!$J$2:$J$37)/60 -> 23.75 | D5: Desimal 2 angka, mis. 14,25
A6: 8b | B6: Total upah lembur | C6: =SUM(Data!$K$2:$K$37) -> 593747 | D6: Desimal 2 angka, mis. 14,25
A7: 9 | B7: Rata-rata durasi kerja (jam) | C7: =AVERAGE(Data!$G$2:$G$37) -> 9.5393519 | D7: Desimal 2 angka, mis. 9,40
A8: 13 | B8: Karyawan dengan total lembur terbanyak | C8: =INDEX(Acuan!$A$2:$A$7,MATCH(MAX(Acuan!$C$2:$C$7),Acuan!$C$2:$C$7,0)) -> Putri Nugroho | D8: Teks: nama karyawan
