Workbook

Sheet Petunjuk
A1: Kunci Jawaban: Peminjaman Buku dan Denda Perpustakaan
A2: Latihan 18 dari 24 | Tingkat: Menengah | Perkiraan waktu: 50 menit | pushexcel.github.io/Pushexcel
A4: Skenario
A5: Kamu petugas perpustakaan SMA Negeri 2. Tiap buku boleh dipinjam 7 hari. Denda dihitung per hari keterlambatan, tarifnya berbeda tiap kategori buku (sheet Acuan). Beberapa buku belum dikembalikan: untuk buku itu, keterlambatan dihitung sampai tanggal acuan 15 Oktober 2026.
A7: Cara memakai kunci
A8: 1. | B8: Sel hijau berisi rumus kunci yang sudah dihitung. Klik sel untuk melihat rumusnya.
A9: 2. | B9: Kolom Rumus kunci di bawah menampilkan rumus untuk baris pertama atau tiap sel jawaban.
A10: 3. | B10: Rumus ditulis dengan titik koma (;). Ganti dengan koma (,) bila Excel kamu berbahasa Inggris.
A11: 4. | B11: Jawaban lain yang benar secara logika juga boleh, selama hasilnya sama.
A13: Arti warna
B14: Judul kolom data yang sudah diberikan
B15: Judul kolom hasil hitung
B16: Sel berisi rumus kunci
B17: Angka berwarna biru pada blok Parameter = nilai tetap yang boleh dirujuk
A19: Daftar soal
A20: No | B20: Soal | C20: Jawab di | D20: Rumus kunci
A21: 1 | B21: Hitung batas kembali: tanggal pinjam ditambah lama pinjam. | C21: Sheet Data, kolom G (Batas Kembali), baris 2 sampai 31 | D21: =E2+$O$2
A22: 2 | B22: Tentukan tanggal yang dipakai untuk menghitung keterlambatan: tanggal kembali bila sudah kembali, atau tanggal acuan bila belum. | C22: Sheet Data, kolom H (Tanggal Hitung), baris 2 sampai 31 | D22: =IF(F2="";$O$3;F2)
A23: 3 | B23: Hitung hari terlambat: tanggal hitung dikurangi batas kembali. Bila hasilnya negatif (tidak terlambat) tulis 0. | C23: Sheet Data, kolom I (Hari Terlambat), baris 2 sampai 31 | D23: =MAX(0;H2-G2)
A24: 4 | B24: Ambil denda per hari tiap buku dari tabel kategori di sheet Acuan. | C24: Sheet Data, kolom J (Denda per Hari), baris 2 sampai 31 | D24: =VLOOKUP(D2;Acuan!$A$2:$B$5;2;FALSE)
A25: 5 | B25: Hitung total denda: hari terlambat dikali denda per hari. | C25: Sheet Data, kolom K (Total Denda), baris 2 sampai 31 | D25: =I2*J2
A26: 6 | B26: Beri status Belum Kembali bila tanggal kembali kosong. Bila sudah kembali: Terlambat jika hari terlambat lebih dari 0, selain itu Tepat Waktu. | C26: Sheet Data, kolom L (Status), baris 2 sampai 31 | D26: =IF(F2="";"Belum Kembali";IF(I2>0;"Terlambat";"Tepat Waktu"))
A27: 7 | B27: Berapa total denda seluruh peminjaman? | C27: Sheet Ringkasan, sel C4 | D27: =SUM(Data!$K$2:$K$31)
A28: 8 | B28: Berapa peminjaman untuk tiap status: Tepat Waktu, Terlambat, dan Belum Kembali? Jumlah ketiganya harus 30. | C28: Sheet Ringkasan, sel C5 sampai C7 | D28: =COUNTIF(Data!$L$2:$L$31;"Tepat Waktu") =COUNTIF(Data!$L$2:$L$31;"Terlambat") =COUNTIF(Data!$L$2:$L$31;"Belum Kembali")
A29: 9 | B29: Berapa buku yang belum kembali dan sudah lewat batas waktunya? | C29: Sheet Ringkasan, sel C8 | D29: =COUNTIFS(Data!$L$2:$L$31;"Belum Kembali";Data!$I$2:$I$31;">0")
A30: 10 | B30: Siapa peminjam dengan keterlambatan terlama? | C30: Sheet Ringkasan, sel C9 | D30: =INDEX(Data!$B$2:$B$31;MATCH(MAX(Data!$I$2:$I$31);Data!$I$2:$I$31;0))
A31: 11 | B31: Pada sheet Acuan, hitung jumlah peminjaman tiap kategori. | C31: Sheet Acuan, kolom C (Jumlah Peminjaman), baris 2 sampai 5 | D31: =COUNTIF(Data!$D$2:$D$31;A2)
... A33: 13 | B33: Kategori buku mana yang menghasilkan denda terbesar? | C33: Sheet Ringkasan, sel C10 | D33: =INDEX(Acuan!$A$2:$A$5;MATCH(MAX(Acuan!$D$2:$D$5);Acuan!$D$2:$D$5;0))

Sheet Data
A1: No | B1: Peminjam | C1: Judul Buku | D1: Kategori | E1: Tanggal Pinjam | F1: Tanggal Kembali | G1: Batas Kembali | H1: Tanggal Hitung | I1: Hari Terlambat | J1: Denda per Hari | K1: Total Denda | L1: Status | N1: Parameter | O1: Nilai | P1: Keterangan
A2: 1 | B2: Nurul Nugroho | C2: Kamus Besar Ringkas | D2: Referensi | E2: 46266 | F2: 46268 | G2: =E2+$O$2 -> 46273 | H2: =IF(F2="",$O$3,F2) -> 46268 | I2: =MAX(0,H2-G2) -> 0 | J2: =VLOOKUP(D2,Acuan!$A$2:$B$5,2,FALSE()) -> 2000 | K2: =I2*J2 -> 0 | L2: =IF(F2="","Belum Kembali",IF(I2>0,"Terlambat","Tepat Waktu")) -> Tepat Waktu | N2: Lama pinjam (hari) | O2: 7
A3: 2 | B3: Dimas Handayani | C3: Surat untuk Pak Guru | D3: Novel | E3: 46268 | F3: 46273 | G3: =E3+$O$2 -> 46275 | H3: =IF(F3="",$O$3,F3) -> 46273 | I3: =MAX(0,H3-G3) -> 0 | J3: =VLOOKUP(D3,Acuan!$A$2:$B$5,2,FALSE()) -> 500 | K3: =I3*J3 -> 0 | L3: =IF(F3="","Belum Kembali",IF(I3>0,"Terlambat","Tepat Waktu")) -> Tepat Waktu | N3: Tanggal acuan | O3: 46310 | P3: Dipakai bila buku belum kembali
A4: 3 | B4: Dimas Handayani | C4: Senja di Tepi Sungai | D4: Novel | E4: 46270 | F4: 46286 | G4: =E4+$O$2 -> 46277 | H4: =IF(F4="",$O$3,F4) -> 46286 | I4: =MAX(0,H4-G4) -> 9 | J4: =VLOOKUP(D4,Acuan!$A$2:$B$5,2,FALSE()) -> 500 | K4: =I4*J4 -> 4500 | L4: =IF(F4="","Belum Kembali",IF(I4>0,"Terlambat","Tepat Waktu")) -> Terlambat
A5: 4 | B5: Sinta Anggraini | C5: Belajar Berhitung | D5: Anak | E5: 46271 | F5: 46279 | G5: =E5+$O$2 -> 46278 | H5: =IF(F5="",$O$3,F5) -> 46279 | I5: =MAX(0,H5-G5) -> 1 | J5: =VLOOKUP(D5,Acuan!$A$2:$B$5,2,FALSE()) -> 500 | K5: =I5*J5 -> 500 | L5: =IF(F5="","Belum Kembali",IF(I5>0,"Terlambat","Tepat Waktu")) -> Terlambat
A6: 5 | B6: Ayu Saputra | C6: Fisika Dasar | D6: Pelajaran | E6: 46273 | F6: 46282 | G6: =E6+$O$2 -> 46280 | H6: =IF(F6="",$O$3,F6) -> 46282 | I6: =MAX(0,H6-G6) -> 2 | J6: =VLOOKUP(D6,Acuan!$A$2:$B$5,2,FALSE()) -> 1000 | K6: =I6*J6 -> 2000 | L6: =IF(F6="","Belum Kembali",IF(I6>0,"Terlambat","Tepat Waktu")) -> Terlambat
A7: 6 | B7: Citra Kurniawan | C7: Atlas Dunia Terbaru | D7: Referensi | E7: 46278 | F7: 46294 | G7: =E7+$O$2 -> 46285 | H7: =IF(F7="",$O$3,F7) -> 46294 | I7: =MAX(0,H7-G7) -> 9 | J7: =VLOOKUP(D7,Acuan!$A$2:$B$5,2,FALSE()) -> 2000 | K7: =I7*J7 -> 18000 | L7: =IF(F7="","Belum Kembali",IF(I7>0,"Terlambat","Tepat Waktu")) -> Terlambat
A8: 7 | B8: Bagas Handayani | C8: Kancil dan Buaya | D8: Anak | E8: 46278 | F8: 46288 | G8: =E8+$O$2 -> 46285 | H8: =IF(F8="",$O$3,F8) -> 46288 | I8: =MAX(0,H8-G8) -> 3 | J8: =VLOOKUP(D8,Acuan!$A$2:$B$5,2,FALSE()) -> 500 | K8: =I8*J8 -> 1500 | L8: =IF(F8="","Belum Kembali",IF(I8>0,"Terlambat","Tepat Waktu")) -> Terlambat
A9: 8 | B9: Ayu Saputra | C9: Ensiklopedia Sains | D9: Referensi | E9: 46279 | F9: 46291 | G9: =E9+$O$2 -> 46286 | H9: =IF(F9="",$O$3,F9) -> 46291 | I9: =MAX(0,H9-G9) -> 5 | J9: =VLOOKUP(D9,Acuan!$A$2:$B$5,2,FALSE()) -> 2000 | K9: =I9*J9 -> 10000 | L9: =IF(F9="","Belum Kembali",IF(I9>0,"Terlambat","Tepat Waktu")) -> Terlambat
A10: 9 | B10: Ratna Handayani | C10: Surat untuk Pak Guru | D10: Novel | E10: 46279 | F10: 46281 | G10: =E10+$O$2 -> 46286 | H10: =IF(F10="",$O$3,F10) -> 46281 | I10: =MAX(0,H10-G10) -> 0 | J10: =VLOOKUP(D10,Acuan!$A$2:$B$5,2,FALSE()) -> 500 | K10: =I10*J10 -> 0 | L10: =IF(F10="","Belum Kembali",IF(I10>0,"Terlambat","Tepat Waktu")) -> Tepat Waktu
A11: 10 | B11: Dimas Handayani | C11: Matematika Kelas 9 | D11: Pelajaran | E11: 46282 | F11: 46298 | G11: =E11+$O$2 -> 46289 | H11: =IF(F11="",$O$3,F11) -> 46298 | I11: =MAX(0,H11-G11) -> 9 | J11: =VLOOKUP(D11,Acuan!$A$2:$B$5,2,FALSE()) -> 1000 | K11: =I11*J11 -> 9000 | L11: =IF(F11="","Belum Kembali",IF(I11>0,"Terlambat","Tepat Waktu")) -> Terlambat
A12: 11 | B12: Ratna Pratama | C12: Biologi Terapan | D12: Pelajaran | E12: 46284 | F12: 46290 | G12: =E12+$O$2 -> 46291 | H12: =IF(F12="",$O$3,F12) -> 46290 | I12: =MAX(0,H12-G12) -> 0 | J12: =VLOOKUP(D12,Acuan!$A$2:$B$5,2,FALSE()) -> 1000 | K12: =I12*J12 -> 0 | L12: =IF(F12="","Belum Kembali",IF(I12>0,"Terlambat","Tepat Waktu")) -> Tepat Waktu
A13: 12 | B13: Dimas Handayani | C13: Rumah di Atas Bukit | D13: Novel | E13: 46285 | F13: 46288 | G13: =E13+$O$2 -> 46292 | H13: =IF(F13="",$O$3,F13) -> 46288 | I13: =MAX(0,H13-G13) -> 0 | J13: =VLOOKUP(D13,Acuan!$A$2:$B$5,2,FALSE()) -> 500 | K13: =I13*J13 -> 0 | L13: =IF(F13="","Belum Kembali",IF(I13>0,"Terlambat","Tepat Waktu")) -> Tepat Waktu
A14: 13 | B14: Ayu Saputra | C14: Ensiklopedia Sains | D14: Referensi | E14: 46285 | F14: 46288 | G14: =E14+$O$2 -> 46292 | H14: =IF(F14="",$O$3,F14) -> 46288 | I14: =MAX(0,H14-G14) -> 0 | J14: =VLOOKUP(D14,Acuan!$A$2:$B$5,2,FALSE()) -> 2000 | K14: =I14*J14 -> 0 | L14: =IF(F14="","Belum Kembali",IF(I14>0,"Terlambat","Tepat Waktu")) -> Tepat Waktu
A15: 14 | B15: Ratna Handayani | C15: Ensiklopedia Sains | D15: Referensi | E15: 46286 | G15: =E15+$O$2 -> 46293 | H15: =IF(F15="",$O$3,F15) -> 46310 | I15: =MAX(0,H15-G15) -> 17 | J15: =VLOOKUP(D15,Acuan!$A$2:$B$5,2,FALSE()) -> 2000 | K15: =I15*J15 -> 34000 | L15: =IF(F15="","Belum Kembali",IF(I15>0,"Terlambat","Tepat Waktu")) -> Belum Kembali
A16: 15 | B16: Vivi Pratama | C16: Rumah di Atas Bukit | D16: Novel | E16: 46286 | F16: 46297 | G16: =E16+$O$2 -> 46293 | H16: =IF(F16="",$O$3,F16) -> 46297 | I16: =MAX(0,H16-G16) -> 4 | J16: =VLOOKUP(D16,Acuan!$A$2:$B$5,2,FALSE()) -> 500 | K16: =I16*J16 -> 2000 | L16: =IF(F16="","Belum Kembali",IF(I16>0,"Terlambat","Tepat Waktu")) -> Terlambat
A17: 16 | B17: Vivi Pratama | C17: Atlas Dunia Terbaru | D17: Referensi | E17: 46289 | F17: 46296 | G17: =E17+$O$2 -> 46296 | H17: =IF(F17="",$O$3,F17) -> 46296 | I17: =MAX(0,H17-G17) -> 0 | J17: =VLOOKUP(D17,Acuan!$A$2:$B$5,2,FALSE()) -> 2000 | K17: =I17*J17 -> 0 | L17: =IF(F17="","Belum Kembali",IF(I17>0,"Terlambat","Tepat Waktu")) -> Tepat Waktu
A18: 17 | B18: Maya Permana | C18: Kancil dan Buaya | D18: Anak | E18: 46289 | F18: 46298 | G18: =E18+$O$2 -> 46296 | H18: =IF(F18="",$O$3,F18) -> 46298 | I18: =MAX(0,H18-G18) -> 2 | J18: =VLOOKUP(D18,Acuan!$A$2:$B$5,2,FALSE()) -> 500 | K18: =I18*J18 -> 1000 | L18: =IF(F18="","Belum Kembali",IF(I18>0,"Terlambat","Tepat Waktu")) -> Terlambat
A19: 18 | B19: Bagas Handayani | C19: Surat untuk Pak Guru | D19: Novel | E19: 46291 | F19: 46294 | G19: =E19+$O$2 -> 46298 | H19: =IF(F19="",$O$3,F19) -> 46294 | I19: =MAX(0,H19-G19) -> 0 | J19: =VLOOKUP(D19,Acuan!$A$2:$B$5,2,FALSE()) -> 500 | K19: =I19*J19 -> 0 | L19: =IF(F19="","Belum Kembali",IF(I19>0,"Terlambat","Tepat Waktu")) -> Tepat Waktu
A20: 19 | B20: Sinta Anggraini | C20: Atlas Dunia Terbaru | D20: Referensi | E20: 46297 | F20: 46303 | G20: =E20+$O$2 -> 46304 | H20: =IF(F20="",$O$3,F20) -> 46303 | I20: =MAX(0,H20-G20) -> 0 | J20: =VLOOKUP(D20,Acuan!$A$2:$B$5,2,FALSE()) -> 2000 | K20: =I20*J20 -> 0 | L20: =IF(F20="","Belum Kembali",IF(I20>0,"Terlambat","Tepat Waktu")) -> Tepat Waktu
A21: 20 | B21: Dimas Handayani | C21: Biologi Terapan | D21: Pelajaran | E21: 46298 | F21: 46308 | G21: =E21+$O$2 -> 46305 | H21: =IF(F21="",$O$3,F21) -> 46308 | I21: =MAX(0,H21-G21) -> 3 | J21: =VLOOKUP(D21,Acuan!$A$2:$B$5,2,FALSE()) -> 1000 | K21: =I21*J21 -> 3000 | L21: =IF(F21="","Belum Kembali",IF(I21>0,"Terlambat","Tepat Waktu")) -> Terlambat
A22: 21 | B22: Ratna Handayani | C22: Rumah di Atas Bukit | D22: Novel | E22: 46298 | F22: 46303 | G22: =E22+$O$2 -> 46305 | H22: =IF(F22="",$O$3,F22) -> 46303 | I22: =MAX(0,H22-G22) -> 0 | J22: =VLOOKUP(D22,Acuan!$A$2:$B$5,2,FALSE()) -> 500 | K22: =I22*J22 -> 0 | L22: =IF(F22="","Belum Kembali",IF(I22>0,"Terlambat","Tepat Waktu")) -> Tepat Waktu
A23: 22 | B23: Gunawan Santoso | C23: Biologi Terapan | D23: Pelajaran | E23: 46299 | F23: 46306 | G23: =E23+$O$2 -> 46306 | H23: =IF(F23="",$O$3,F23) -> 46306 | I23: =MAX(0,H23-G23) -> 0 | J23: =VLOOKUP(D23,Acuan!$A$2:$B$5,2,FALSE()) -> 1000 | K23: =I23*J23 -> 0 | L23: =IF(F23="","Belum Kembali",IF(I23>0,"Terlambat","Tepat Waktu")) -> Tepat Waktu
A24: 23 | B24: Gunawan Santoso | C24: Atlas Dunia Terbaru | D24: Referensi | E24: 46299 | F24: 46309 | G24: =E24+$O$2 -> 46306 | H24: =IF(F24="",$O$3,F24) -> 46309 | I24: =MAX(0,H24-G24) -> 3 | J24: =VLOOKUP(D24,Acuan!$A$2:$B$5,2,FALSE()) -> 2000 | K24: =I24*J24 -> 6000 | L24: =IF(F24="","Belum Kembali",IF(I24>0,"Terlambat","Tepat Waktu")) -> Terlambat
A25: 24 | B25: Nurul Nugroho | C25: Ensiklopedia Sains | D25: Referensi | E25: 46301 | G25: =E25+$O$2 -> 46308 | H25: =IF(F25="",$O$3,F25) -> 46310 | I25: =MAX(0,H25-G25) -> 2 | J25: =VLOOKUP(D25,Acuan!$A$2:$B$5,2,FALSE()) -> 2000 | K25: =I25*J25 -> 4000 | L25: =IF(F25="","Belum Kembali",IF(I25>0,"Terlambat","Tepat Waktu")) -> Belum Kembali
A26: 25 | B26: Ratna Handayani | C26: Bahasa Indonesia SMA | D26: Pelajaran | E26: 46302 | F26: 46304 | G26: =E26+$O$2 -> 46309 | H26: =IF(F26="",$O$3,F26) -> 46304 | I26: =MAX(0,H26-G26) -> 0 | J26: =VLOOKUP(D26,Acuan!$A$2:$B$5,2,FALSE()) -> 1000 | K26: =I26*J26 -> 0 | L26: =IF(F26="","Belum Kembali",IF(I26>0,"Terlambat","Tepat Waktu")) -> Tepat Waktu
A27: 26 | B27: Gunawan Santoso | C27: Petualangan Si Kelinci | D27: Anak | E27: 46302 | F27: 46304 | G27: =E27+$O$2 -> 46309 | H27: =IF(F27="",$O$3,F27) -> 46304 | I27: =MAX(0,H27-G27) -> 0 | J27: =VLOOKUP(D27,Acuan!$A$2:$B$5,2,FALSE()) -> 500 | K27: =I27*J27 -> 0 | L27: =IF(F27="","Belum Kembali",IF(I27>0,"Terlambat","Tepat Waktu")) -> Tepat Waktu
A28: 27 | B28: Rahmat Permana | C28: Perahu Kertas Kecil | D28: Novel | E28: 46303 | G28: =E28+$O$2 -> 46310 | H28: =IF(F28="",$O$3,F28) -> 46310 | I28: =MAX(0,H28-G28) -> 0 | J28: =VLOOKUP(D28,Acuan!$A$2:$B$5,2,FALSE()) -> 500 | K28: =I28*J28 -> 0 | L28: =IF(F28="","Belum Kembali",IF(I28>0,"Terlambat","Tepat Waktu")) -> Belum Kembali
A29: 28 | B29: Maya Permana | C29: Atlas Dunia Terbaru | D29: Referensi | E29: 46304 | G29: =E29+$O$2 -> 46311 | H29: =IF(F29="",$O$3,F29) -> 46310 | I29: =MAX(0,H29-G29) -> 0 | J29: =VLOOKUP(D29,Acuan!$A$2:$B$5,2,FALSE()) -> 2000 | K29: =I29*J29 -> 0 | L29: =IF(F29="","Belum Kembali",IF(I29>0,"Terlambat","Tepat Waktu")) -> Belum Kembali
A30: 29 | B30: Tika Permana | C30: Kamus Besar Ringkas | D30: Referensi | E30: 46306 | G30: =E30+$O$2 -> 46313 | H30: =IF(F30="",$O$3,F30) -> 46310 | I30: =MAX(0,H30-G30) -> 0 | J30: =VLOOKUP(D30,Acuan!$A$2:$B$5,2,FALSE()) -> 2000 | K30: =I30*J30 -> 0 | L30: =IF(F30="","Belum Kembali",IF(I30>0,"Terlambat","Tepat Waktu")) -> Belum Kembali
A31: 30 | B31: Rahmat Permana | C31: Kancil dan Buaya | D31: Anak | E31: 46307 | G31: =E31+$O$2 -> 46314 | H31: =IF(F31="",$O$3,F31) -> 46310 | I31: =MAX(0,H31-G31) -> 0 | J31: =VLOOKUP(D31,Acuan!$A$2:$B$5,2,FALSE()) -> 500 | K31: =I31*J31 -> 0 | L31: =IF(F31="","Belum Kembali",IF(I31>0,"Terlambat","Tepat Waktu")) -> Belum Kembali

Sheet Acuan
A1: Kategori | B1: Denda per Hari | C1: Jumlah Peminjaman | D1: Total Denda
A2: Novel | B2: 500 | C2: =COUNTIF(Data!$D$2:$D$31,A2) -> 8 | D2: =SUMIF(Data!$D$2:$D$31,A2,Data!$K$2:$K$31) -> 6500
A3: Referensi | B3: 2000 | C3: =COUNTIF(Data!$D$2:$D$31,A3) -> 11 | D3: =SUMIF(Data!$D$2:$D$31,A3,Data!$K$2:$K$31) -> 72000
A4: Anak | B4: 500 | C4: =COUNTIF(Data!$D$2:$D$31,A4) -> 5 | D4: =SUMIF(Data!$D$2:$D$31,A4,Data!$K$2:$K$31) -> 3000
A5: Pelajaran | B5: 1000 | C5: =COUNTIF(Data!$D$2:$D$31,A5) -> 6 | D5: =SUMIF(Data!$D$2:$D$31,A5,Data!$K$2:$K$31) -> 14000

Sheet Ringkasan
A1: Ringkasan: lembar jawaban soal berjenis ringkasan
A2: Sel hijau berisi rumus kunci.
A3: No | B3: Pertanyaan | C3: Jawaban | D3: Contoh format hasil
A4: 7 | B4: Total denda seluruh peminjaman | C4: =SUM(Data!$K$2:$K$31) -> 95500 | D4: Rupiah, mis. Rp 48.000
A5: 8a | B5: Jumlah peminjaman Tepat Waktu | C5: =COUNTIF(Data!$L$2:$L$31,"Tepat Waktu") -> 13 | D5: Angka bulat, mis. 9
A6: 8b | B6: Jumlah peminjaman Terlambat | C6: =COUNTIF(Data!$L$2:$L$31,"Terlambat") -> 11 | D6: Angka bulat, mis. 9
A7: 8c | B7: Jumlah peminjaman Belum Kembali | C7: =COUNTIF(Data!$L$2:$L$31,"Belum Kembali") -> 6 | D7: Angka bulat, mis. 9
A8: 9 | B8: Jumlah buku belum kembali dan sudah lewat batas | C8: =COUNTIFS(Data!$L$2:$L$31,"Belum Kembali",Data!$I$2:$I$31,">0") -> 2 | D8: Angka bulat, mis. 3
A9: 10 | B9: Peminjam dengan keterlambatan terlama | C9: =INDEX(Data!$B$2:$B$31,MATCH(MAX(Data!$I$2:$I$31),Data!$I$2:$I$31,0)) -> Ratna Handayani | D9: Teks: nama peminjam
A10: 13 | B10: Kategori dengan total denda terbesar | C10: =INDEX(Acuan!$A$2:$A$5,MATCH(MAX(Acuan!$D$2:$D$5),Acuan!$D$2:$D$5,0)) -> Referensi | D10: Teks: nama kategori
