Workbook

Sheet Petunjuk
A1: Kunci Jawaban: Faktur dan Rekap Penjualan
A2: Latihan 8 dari 24 | Tingkat: Lanjutan | Perkiraan waktu: 60 menit | pushexcel.github.io/Pushexcel
A4: Skenario
A5: Kamu admin penjualan di Toko Grosir Berkah. Bulan Oktober 2026 ada 30 faktur penjualan. Untuk tiap faktur kamu mengambil nama dan harga barang dari daftar harga, menghitung diskon bertingkat (2 persen untuk subtotal minimal Rp 500.000, 5 persen untuk minimal Rp 1.000.000), menambah PPN 11 persen, lalu membuat rekap omzet untuk pemilik toko.
A7: Cara memakai kunci
A8: 1. | B8: Sel hijau berisi rumus kunci yang sudah dihitung. Klik sel untuk melihat rumusnya.
A9: 2. | B9: Kolom Rumus kunci di bawah menampilkan rumus untuk baris pertama atau tiap sel jawaban.
A10: 3. | B10: Rumus ditulis dengan titik koma (;). Ganti dengan koma (,) bila Excel kamu berbahasa Inggris.
A11: 4. | B11: Jawaban lain yang benar secara logika juga boleh, selama hasilnya sama.
A13: Arti warna
B14: Judul kolom data yang sudah diberikan
B15: Judul kolom hasil hitung
B16: Sel berisi rumus kunci
B17: Angka berwarna biru pada blok Parameter = nilai tetap yang boleh dirujuk
A19: Daftar soal
A20: No | B20: Soal | C20: Jawab di | D20: Rumus kunci
A21: 1 | B21: Ambil Nama Barang dari daftar harga di sheet Acuan berdasarkan Kode Barang. | C21: Sheet Data, kolom G (Nama Barang), baris 2 sampai 31 | D21: =VLOOKUP(D2;Acuan!$A$2:$C$7;2;FALSE)
A22: 2 | B22: Ambil Harga Satuan dari daftar harga yang sama. | C22: Sheet Data, kolom H (Harga Satuan), baris 2 sampai 31 | D22: =VLOOKUP(D2;Acuan!$A$2:$C$7;3;FALSE)
A23: 3 | B23: Hitung subtotal: jumlah dikali harga satuan. | C23: Sheet Data, kolom I (Subtotal), baris 2 sampai 31 | D23: =E2*H2
A24: 4 | B24: Hitung diskon: subtotal mulai batas tingkat 2 mendapat diskon tingkat 2, mulai batas tingkat 1 mendapat diskon tingkat 1, di bawahnya tidak ada diskon. | C24: Sheet Data, kolom J (Diskon), baris 2 sampai 31 | D24: =ROUND(I2*IF(I2>=$O$4;$O$5;IF(I2>=$O$2;$O$3;0));0)
A25: 5 | B25: Hitung PPN dari subtotal setelah diskon, dibulatkan ke rupiah. | C25: Sheet Data, kolom K (PPN), baris 2 sampai 31 | D25: =ROUND((I2-J2)*$O$6;0)
A26: 6 | B26: Hitung Total Bayar: subtotal dikurangi diskon, ditambah PPN. | C26: Sheet Data, kolom L (Total Bayar), baris 2 sampai 31 | D26: =I2-J2+K2
A27: 7 | B27: Berapa omzet bulan ini (jumlah Total Bayar seluruh faktur)? | C27: Sheet Ringkasan, sel C4 | D27: =SUM(Data!$L$2:$L$31)
A28: 8 | B28: Berapa total diskon yang diberikan? | C28: Sheet Ringkasan, sel C5 | D28: =SUM(Data!$J$2:$J$31)
A29: 9 | B29: Berapa faktur yang mendapat diskon? | C29: Sheet Ringkasan, sel C6 | D29: =COUNTIF(Data!$J$2:$J$31;">0")
A30: 10 | B30: Berapa omzet dari pembayaran Tunai dan dari Transfer? | C30: Sheet Ringkasan, sel C7 sampai C8 | D30: =SUMIF(Data!$F$2:$F$31;"Tunai";Data!$L$2:$L$31) =SUMIF(Data!$F$2:$F$31;"Transfer";Data!$L$2:$L$31)
A31: 11 | B31: Pada sheet Acuan, hitung total unit yang terjual untuk tiap barang. | C31: Sheet Acuan, kolom D (Total Terjual (unit)), baris 2 sampai 7 | D31: =SUMIF(Data!$D$2:$D$31;A2;Data!$E$2:$E$31)
A32: 12 | B32: Barang apa yang paling laris (unit terjual terbanyak)? | C32: Sheet Ringkasan, sel C9 | D32: =INDEX(Acuan!$B$2:$B$7;MATCH(MAX(Acuan!$D$2:$D$7);Acuan!$D$2:$D$7;0))

Sheet Data
A1: No Faktur | B1: Tanggal | C1: Pelanggan | D1: Kode Barang | E1: Jumlah | F1: Metode Bayar | G1: Nama Barang | H1: Harga Satuan | I1: Subtotal | J1: Diskon | K1: PPN | L1: Total Bayar | N1: Parameter | O1: Nilai | P1: Keterangan
A2: INV-2610-001 | B2: 46296 | C2: Kedai Pak Joko | D2: BRG-03 | E2: 32 | F2: Transfer | G2: =VLOOKUP(D2,Acuan!$A$2:$C$7,2,FALSE()) -> Gula Pasir 1 kg | H2: =VLOOKUP(D2,Acuan!$A$2:$C$7,3,FALSE()) -> 17000 | I2: =E2*H2 -> 544000 | J2: =ROUND(I2*IF(I2>=$O$4,$O$5,IF(I2>=$O$2,$O$3,0)),0) -> 10880 | K2: =ROUND((I2-J2)*$O$6,0) -> 58643 | L2: =I2-J2+K2 -> 591763 | N2: Batas diskon tingkat 1 (subtotal) | O2: 500000
A3: INV-2610-002 | B3: 46296 | C3: Kantin Sekolah | D3: BRG-01 | E3: 30 | F3: Tunai | G3: =VLOOKUP(D3,Acuan!$A$2:$C$7,2,FALSE()) -> Beras Premium 5 kg | H3: =VLOOKUP(D3,Acuan!$A$2:$C$7,3,FALSE()) -> 68000 | I3: =E3*H3 -> 2040000 | J3: =ROUND(I3*IF(I3>=$O$4,$O$5,IF(I3>=$O$2,$O$3,0)),0) -> 102000 | K3: =ROUND((I3-J3)*$O$6,0) -> 213180 | L3: =I3-J3+K3 -> 2151180 | N3: Diskon tingkat 1 | O3: 0.02
A4: INV-2610-003 | B4: 46296 | C4: Koperasi Sejahtera | D4: BRG-03 | E4: 33 | F4: Tunai | G4: =VLOOKUP(D4,Acuan!$A$2:$C$7,2,FALSE()) -> Gula Pasir 1 kg | H4: =VLOOKUP(D4,Acuan!$A$2:$C$7,3,FALSE()) -> 17000 | I4: =E4*H4 -> 561000 | J4: =ROUND(I4*IF(I4>=$O$4,$O$5,IF(I4>=$O$2,$O$3,0)),0) -> 11220 | K4: =ROUND((I4-J4)*$O$6,0) -> 60476 | L4: =I4-J4+K4 -> 610256 | N4: Batas diskon tingkat 2 (subtotal) | O4: 1000000
A5: INV-2610-004 | B5: 46297 | C5: Warung Bu Siti | D5: BRG-04 | E5: 30 | F5: Transfer | G5: =VLOOKUP(D5,Acuan!$A$2:$C$7,2,FALSE()) -> Kopi Bubuk 200 g | H5: =VLOOKUP(D5,Acuan!$A$2:$C$7,3,FALSE()) -> 24000 | I5: =E5*H5 -> 720000 | J5: =ROUND(I5*IF(I5>=$O$4,$O$5,IF(I5>=$O$2,$O$3,0)),0) -> 14400 | K5: =ROUND((I5-J5)*$O$6,0) -> 77616 | L5: =I5-J5+K5 -> 783216 | N5: Diskon tingkat 2 | O5: 0.05
A6: INV-2610-005 | B6: 46298 | C6: Warung Bu Siti | D6: BRG-04 | E6: 26 | F6: Tunai | G6: =VLOOKUP(D6,Acuan!$A$2:$C$7,2,FALSE()) -> Kopi Bubuk 200 g | H6: =VLOOKUP(D6,Acuan!$A$2:$C$7,3,FALSE()) -> 24000 | I6: =E6*H6 -> 624000 | J6: =ROUND(I6*IF(I6>=$O$4,$O$5,IF(I6>=$O$2,$O$3,0)),0) -> 12480 | K6: =ROUND((I6-J6)*$O$6,0) -> 67267 | L6: =I6-J6+K6 -> 678787 | N6: PPN | O6: 0.11 | P6: Dihitung dari subtotal setelah diskon
A7: INV-2610-006 | B7: 46300 | C7: Warung Bu Siti | D7: BRG-03 | E7: 4 | F7: Transfer | G7: =VLOOKUP(D7,Acuan!$A$2:$C$7,2,FALSE()) -> Gula Pasir 1 kg | H7: =VLOOKUP(D7,Acuan!$A$2:$C$7,3,FALSE()) -> 17000 | I7: =E7*H7 -> 68000 | J7: =ROUND(I7*IF(I7>=$O$4,$O$5,IF(I7>=$O$2,$O$3,0)),0) -> 0 | K7: =ROUND((I7-J7)*$O$6,0) -> 7480 | L7: =I7-J7+K7 -> 75480
A8: INV-2610-007 | B8: 46300 | C8: Rumah Makan Selera | D8: BRG-02 | E8: 32 | F8: Transfer | G8: =VLOOKUP(D8,Acuan!$A$2:$C$7,2,FALSE()) -> Minyak Goreng 2 L | H8: =VLOOKUP(D8,Acuan!$A$2:$C$7,3,FALSE()) -> 38000 | I8: =E8*H8 -> 1216000 | J8: =ROUND(I8*IF(I8>=$O$4,$O$5,IF(I8>=$O$2,$O$3,0)),0) -> 60800 | K8: =ROUND((I8-J8)*$O$6,0) -> 127072 | L8: =I8-J8+K8 -> 1282272
A9: INV-2610-008 | B9: 46302 | C9: Toko Barokah | D9: BRG-02 | E9: 26 | F9: Tunai | G9: =VLOOKUP(D9,Acuan!$A$2:$C$7,2,FALSE()) -> Minyak Goreng 2 L | H9: =VLOOKUP(D9,Acuan!$A$2:$C$7,3,FALSE()) -> 38000 | I9: =E9*H9 -> 988000 | J9: =ROUND(I9*IF(I9>=$O$4,$O$5,IF(I9>=$O$2,$O$3,0)),0) -> 19760 | K9: =ROUND((I9-J9)*$O$6,0) -> 106506 | L9: =I9-J9+K9 -> 1074746
A10: INV-2610-009 | B10: 46302 | C10: Koperasi Sejahtera | D10: BRG-02 | E10: 32 | F10: Transfer | G10: =VLOOKUP(D10,Acuan!$A$2:$C$7,2,FALSE()) -> Minyak Goreng 2 L | H10: =VLOOKUP(D10,Acuan!$A$2:$C$7,3,FALSE()) -> 38000 | I10: =E10*H10 -> 1216000 | J10: =ROUND(I10*IF(I10>=$O$4,$O$5,IF(I10>=$O$2,$O$3,0)),0) -> 60800 | K10: =ROUND((I10-J10)*$O$6,0) -> 127072 | L10: =I10-J10+K10 -> 1282272
A11: INV-2610-010 | B11: 46303 | C11: Kedai Pak Joko | D11: BRG-04 | E11: 17 | F11: Transfer | G11: =VLOOKUP(D11,Acuan!$A$2:$C$7,2,FALSE()) -> Kopi Bubuk 200 g | H11: =VLOOKUP(D11,Acuan!$A$2:$C$7,3,FALSE()) -> 24000 | I11: =E11*H11 -> 408000 | J11: =ROUND(I11*IF(I11>=$O$4,$O$5,IF(I11>=$O$2,$O$3,0)),0) -> 0 | K11: =ROUND((I11-J11)*$O$6,0) -> 44880 | L11: =I11-J11+K11 -> 452880
A12: INV-2610-011 | B12: 46303 | C12: Warung Bu Siti | D12: BRG-02 | E12: 6 | F12: Tunai | G12: =VLOOKUP(D12,Acuan!$A$2:$C$7,2,FALSE()) -> Minyak Goreng 2 L | H12: =VLOOKUP(D12,Acuan!$A$2:$C$7,3,FALSE()) -> 38000 | I12: =E12*H12 -> 228000 | J12: =ROUND(I12*IF(I12>=$O$4,$O$5,IF(I12>=$O$2,$O$3,0)),0) -> 0 | K12: =ROUND((I12-J12)*$O$6,0) -> 25080 | L12: =I12-J12+K12 -> 253080
A13: INV-2610-012 | B13: 46304 | C13: Koperasi Sejahtera | D13: BRG-02 | E13: 34 | F13: Tunai | G13: =VLOOKUP(D13,Acuan!$A$2:$C$7,2,FALSE()) -> Minyak Goreng 2 L | H13: =VLOOKUP(D13,Acuan!$A$2:$C$7,3,FALSE()) -> 38000 | I13: =E13*H13 -> 1292000 | J13: =ROUND(I13*IF(I13>=$O$4,$O$5,IF(I13>=$O$2,$O$3,0)),0) -> 64600 | K13: =ROUND((I13-J13)*$O$6,0) -> 135014 | L13: =I13-J13+K13 -> 1362414
A14: INV-2610-013 | B14: 46304 | C14: Katering Dapur Ibu | D14: BRG-04 | E14: 36 | F14: Tunai | G14: =VLOOKUP(D14,Acuan!$A$2:$C$7,2,FALSE()) -> Kopi Bubuk 200 g | H14: =VLOOKUP(D14,Acuan!$A$2:$C$7,3,FALSE()) -> 24000 | I14: =E14*H14 -> 864000 | J14: =ROUND(I14*IF(I14>=$O$4,$O$5,IF(I14>=$O$2,$O$3,0)),0) -> 17280 | K14: =ROUND((I14-J14)*$O$6,0) -> 93139 | L14: =I14-J14+K14 -> 939859
A15: INV-2610-014 | B15: 46304 | C15: Rumah Makan Selera | D15: BRG-06 | E15: 33 | F15: Tunai | G15: =VLOOKUP(D15,Acuan!$A$2:$C$7,2,FALSE()) -> Mi Instan 1 dus | H15: =VLOOKUP(D15,Acuan!$A$2:$C$7,3,FALSE()) -> 105000 | I15: =E15*H15 -> 3465000 | J15: =ROUND(I15*IF(I15>=$O$4,$O$5,IF(I15>=$O$2,$O$3,0)),0) -> 173250 | K15: =ROUND((I15-J15)*$O$6,0) -> 362093 | L15: =I15-J15+K15 -> 3653843
A16: INV-2610-015 | B16: 46304 | C16: Toko Barokah | D16: BRG-02 | E16: 4 | F16: Tunai | G16: =VLOOKUP(D16,Acuan!$A$2:$C$7,2,FALSE()) -> Minyak Goreng 2 L | H16: =VLOOKUP(D16,Acuan!$A$2:$C$7,3,FALSE()) -> 38000 | I16: =E16*H16 -> 152000 | J16: =ROUND(I16*IF(I16>=$O$4,$O$5,IF(I16>=$O$2,$O$3,0)),0) -> 0 | K16: =ROUND((I16-J16)*$O$6,0) -> 16720 | L16: =I16-J16+K16 -> 168720
A17: INV-2610-016 | B17: 46304 | C17: Kantin Sekolah | D17: BRG-03 | E17: 9 | F17: Transfer | G17: =VLOOKUP(D17,Acuan!$A$2:$C$7,2,FALSE()) -> Gula Pasir 1 kg | H17: =VLOOKUP(D17,Acuan!$A$2:$C$7,3,FALSE()) -> 17000 | I17: =E17*H17 -> 153000 | J17: =ROUND(I17*IF(I17>=$O$4,$O$5,IF(I17>=$O$2,$O$3,0)),0) -> 0 | K17: =ROUND((I17-J17)*$O$6,0) -> 16830 | L17: =I17-J17+K17 -> 169830
A18: INV-2610-017 | B18: 46304 | C18: Koperasi Sejahtera | D18: BRG-05 | E18: 9 | F18: Transfer | G18: =VLOOKUP(D18,Acuan!$A$2:$C$7,2,FALSE()) -> Teh Celup isi 25 | H18: =VLOOKUP(D18,Acuan!$A$2:$C$7,3,FALSE()) -> 12000 | I18: =E18*H18 -> 108000 | J18: =ROUND(I18*IF(I18>=$O$4,$O$5,IF(I18>=$O$2,$O$3,0)),0) -> 0 | K18: =ROUND((I18-J18)*$O$6,0) -> 11880 | L18: =I18-J18+K18 -> 119880
... A31: INV-2610-030 | B31: 46314 | C31: Warung Bu Siti | D31: BRG-01 | E31: 29 | F31: Tunai | G31: =VLOOKUP(D31,Acuan!$A$2:$C$7,2,FALSE()) -> Beras Premium 5 kg | H31: =VLOOKUP(D31,Acuan!$A$2:$C$7,3,FALSE()) -> 68000 | I31: =E31*H31 -> 1972000 | J31: =ROUND(I31*IF(I31>=$O$4,$O$5,IF(I31>=$O$2,$O$3,0)),0) -> 98600 | K31: =ROUND((I31-J31)*$O$6,0) -> 206074 | L31: =I31-J31+K31 -> 2079474

Sheet Acuan
A1: Kode Barang | B1: Nama Barang | C1: Harga Satuan | D1: Total Terjual (unit)
A2: BRG-01 | B2: Beras Premium 5 kg | C2: 68000 | D2: =SUMIF(Data!$D$2:$D$31,A2,Data!$E$2:$E$31) -> 102
A3: BRG-02 | B3: Minyak Goreng 2 L | C3: 38000 | D3: =SUMIF(Data!$D$2:$D$31,A3,Data!$E$2:$E$31) -> 134
A4: BRG-03 | B4: Gula Pasir 1 kg | C4: 17000 | D4: =SUMIF(Data!$D$2:$D$31,A4,Data!$E$2:$E$31) -> 121
A5: BRG-04 | B5: Kopi Bubuk 200 g | C5: 24000 | D5: =SUMIF(Data!$D$2:$D$31,A5,Data!$E$2:$E$31) -> 109
A6: BRG-05 | B6: Teh Celup isi 25 | C6: 12000 | D6: =SUMIF(Data!$D$2:$D$31,A6,Data!$E$2:$E$31) -> 86
A7: BRG-06 | B7: Mi Instan 1 dus | C7: 105000 | D7: =SUMIF(Data!$D$2:$D$31,A7,Data!$E$2:$E$31) -> 100

Sheet Ringkasan
A1: Ringkasan: lembar jawaban soal berjenis ringkasan
A2: Sel hijau berisi rumus kunci.
A3: No | B3: Pertanyaan | C3: Jawaban | D3: Contoh format hasil
A4: 7 | B4: Omzet bulan Oktober | C4: =SUM(Data!$L$2:$L$31) -> 30116264 | D4: Rupiah, mis. Rp 42.000.000
A5: 8 | B5: Total diskon yang diberikan | C5: =SUM(Data!$J$2:$J$31) -> 1101230 | D5: Rupiah, mis. Rp 1.250.000
A6: 9 | B6: Jumlah faktur yang mendapat diskon | C6: =COUNTIF(Data!$J$2:$J$31,">0") -> 18 | D6: Angka bulat, mis. 14
A7: 10a | B7: Omzet pembayaran Tunai | C7: =SUMIF(Data!$F$2:$F$31,"Tunai",Data!$L$2:$L$31) -> 13802639 | D7: Rupiah, mis. Rp 21.000.000
A8: 10b | B8: Omzet pembayaran Transfer | C8: =SUMIF(Data!$F$2:$F$31,"Transfer",Data!$L$2:$L$31) -> 16313625 | D8: Rupiah, mis. Rp 21.000.000
A9: 12 | B9: Nama barang terlaris | C9: =INDEX(Acuan!$B$2:$B$7,MATCH(MAX(Acuan!$D$2:$D$7),Acuan!$D$2:$D$7,0)) -> Minyak Goreng 2 L | D9: Teks: nama barang
