Workbook

Sheet Petunjuk
A1: Kunci Jawaban: Log Kendaraan Operasional dan BBM
A2: Latihan 11 dari 24 | Tingkat: Menengah | Perkiraan waktu: 45 menit | pushexcel.github.io/Pushexcel
A4: Skenario
A5: Kamu admin umum di PT Lintas Niaga. Sepanjang Oktober 2026 ada 36 perjalanan dinas dengan lima jenis kendaraan kantor. Dari catatan kilometer dan jumlah BBM, kamu menghitung biaya, konsumsi BBM, dan menilai kendaraan mana yang boros dibandingkan standar pabrikan (sheet Acuan).
A7: Cara memakai kunci
A8: 1. | B8: Sel hijau berisi rumus kunci yang sudah dihitung. Klik sel untuk melihat rumusnya.
A9: 2. | B9: Kolom Rumus kunci di bawah menampilkan rumus untuk baris pertama atau tiap sel jawaban.
A10: 3. | B10: Rumus ditulis dengan titik koma (;). Ganti dengan koma (,) bila Excel kamu berbahasa Inggris.
A11: 4. | B11: Jawaban lain yang benar secara logika juga boleh, selama hasilnya sama.
A13: Arti warna
B14: Judul kolom data yang sudah diberikan
B15: Judul kolom hasil hitung
B16: Sel berisi rumus kunci
B17: Angka berwarna biru pada blok Parameter = nilai tetap yang boleh dirujuk
A19: Daftar soal
A20: No | B20: Soal | C20: Jawab di | D20: Rumus kunci
A21: 1 | B21: Hitung jarak tempuh: KM akhir dikurangi KM awal. | C21: Sheet Data, kolom H (Jarak (km)), baris 2 sampai 37 | D21: =F2-E2
A22: 2 | B22: Hitung biaya BBM: jumlah liter dikali harga BBM per liter. | C22: Sheet Data, kolom I (Biaya BBM), baris 2 sampai 37 | D22: =G2*$Q$2
A23: 3 | B23: Hitung konsumsi BBM dalam km per liter: jarak dibagi jumlah liter. | C23: Sheet Data, kolom J (Konsumsi (km/liter)), baris 2 sampai 37 | D23: =H2/G2
A24: 4 | B24: Ambil standar konsumsi tiap kendaraan dari tabel di sheet Acuan. | C24: Sheet Data, kolom K (Standar (km/liter)), baris 2 sampai 37 | D24: =VLOOKUP(C2;Acuan!$A$2:$B$6;2;FALSE)
A25: 5 | B25: Beri status Efisien bila konsumsi sama dengan atau di atas standar, selain itu Boros. | C25: Sheet Data, kolom L (Efisiensi), baris 2 sampai 37 | D25: =IF(J2>=K2;"Efisien";"Boros")
A26: 6 | B26: Tandai Akhir Pekan untuk perjalanan hari Sabtu atau Minggu, selain itu Hari Kerja. | C26: Sheet Data, kolom M (Jenis Hari), baris 2 sampai 37 | D26: =IF(WEEKDAY(B2;2)>5;"Akhir Pekan";"Hari Kerja")
A27: 7 | B27: Hitung biaya BBM per kilometer: biaya BBM dibagi jarak. | C27: Sheet Data, kolom N (Biaya per km), baris 2 sampai 37 | D27: =I2/H2
A28: 8 | B28: Berapa total jarak tempuh seluruh perjalanan? | C28: Sheet Ringkasan, sel C4 | D28: =SUM(Data!$H$2:$H$37)
A29: 9 | B29: Berapa total biaya BBM bulan Oktober? | C29: Sheet Ringkasan, sel C5 | D29: =SUM(Data!$I$2:$I$37)
A30: 10 | B30: Berapa rata-rata konsumsi BBM seluruh perjalanan (km per liter)? | C30: Sheet Ringkasan, sel C6 | D30: =AVERAGE(Data!$J$2:$J$37)
A31: 11 | B31: Berapa perjalanan yang berstatus Boros, dan berapa yang terjadi di Akhir Pekan? | C31: Sheet Ringkasan, sel C7 sampai C8 | D31: =COUNTIF(Data!$L$2:$L$37;"Boros") =COUNTIF(Data!$M$2:$M$37;"Akhir Pekan")
... A35: 15 | B35: Kendaraan mana yang total biaya BBM-nya paling besar? | C35: Sheet Ringkasan, sel C10 | D35: =INDEX(Acuan!$A$2:$A$6;MATCH(MAX(Acuan!$D$2:$D$6);Acuan!$D$2:$D$6;0))

Sheet Data
A1: No | B1: Tanggal | C1: Kendaraan | D1: Pengemudi | E1: KM Awal | F1: KM Akhir | G1: BBM (liter) | H1: Jarak (km) | I1: Biaya BBM | J1: Konsumsi (km/liter) | K1: Standar (km/liter) | L1: Efisiensi | M1: Jenis Hari | N1: Biaya per km | P1: Parameter | Q1: Nilai | R1: Keterangan
A2: 1 | B2: 46296 | C2: Honda Brio | D2: Dedi Kurniawan | E2: 28800 | F2: 28897 | G2: 8 | H2: =F2-E2 -> 97 | I2: =G2*$Q$2 -> 80000 | J2: =H2/G2 -> 12.125 | K2: =VLOOKUP(C2,Acuan!$A$2:$B$6,2,FALSE()) -> 14 | L2: =IF(J2>=K2,"Efisien","Boros") -> Boros | M2: =IF(WEEKDAY(B2,2)>5,"Akhir Pekan","Hari Kerja") -> Hari Kerja | N2: =I2/H2 -> 824.74227 | P2: Harga BBM per liter | Q2: 10000 | R2: Dipakai untuk semua perjalanan
A3: 2 | B3: 46297 | C3: Toyota Innova | D3: Budi Hartono | E3: 54900 | F3: 54988 | G3: 10 | H3: =F3-E3 -> 88 | I3: =G3*$Q$2 -> 100000 | J3: =H3/G3 -> 8.8 | K3: =VLOOKUP(C3,Acuan!$A$2:$B$6,2,FALSE()) -> 9 | L3: =IF(J3>=K3,"Efisien","Boros") -> Boros | M3: =IF(WEEKDAY(B3,2)>5,"Akhir Pekan","Hari Kerja") -> Hari Kerja | N3: =I3/H3 -> 1136.3636
A4: 3 | B4: 46300 | C4: Honda Brio | D4: Budi Hartono | E4: 28919 | F4: 28970 | G4: 3 | H4: =F4-E4 -> 51 | I4: =G4*$Q$2 -> 30000 | J4: =H4/G4 -> 17 | K4: =VLOOKUP(C4,Acuan!$A$2:$B$6,2,FALSE()) -> 14 | L4: =IF(J4>=K4,"Efisien","Boros") -> Efisien | M4: =IF(WEEKDAY(B4,2)>5,"Akhir Pekan","Hari Kerja") -> Hari Kerja | N4: =I4/H4 -> 588.23529
A5: 4 | B5: 46302 | C5: Daihatsu Gran Max | D5: Budi Hartono | E5: 44800 | F5: 44928 | G5: 12 | H5: =F5-E5 -> 128 | I5: =G5*$Q$2 -> 120000 | J5: =H5/G5 -> 10.666667 | K5: =VLOOKUP(C5,Acuan!$A$2:$B$6,2,FALSE()) -> 10 | L5: =IF(J5>=K5,"Efisien","Boros") -> Efisien | M5: =IF(WEEKDAY(B5,2)>5,"Akhir Pekan","Hari Kerja") -> Hari Kerja | N5: =I5/H5 -> 937.5
A6: 5 | B6: 46302 | C6: Mitsubishi L300 | D6: Dedi Kurniawan | E6: 65200 | F6: 65325 | G6: 19 | H6: =F6-E6 -> 125 | I6: =G6*$Q$2 -> 190000 | J6: =H6/G6 -> 6.5789474 | K6: =VLOOKUP(C6,Acuan!$A$2:$B$6,2,FALSE()) -> 8 | L6: =IF(J6>=K6,"Efisien","Boros") -> Boros | M6: =IF(WEEKDAY(B6,2)>5,"Akhir Pekan","Hari Kerja") -> Hari Kerja | N6: =I6/H6 -> 1520
A7: 6 | B7: 46302 | C7: Mitsubishi L300 | D7: Budi Hartono | E7: 65329 | F7: 65365 | G7: 4 | H7: =F7-E7 -> 36 | I7: =G7*$Q$2 -> 40000 | J7: =H7/G7 -> 9 | K7: =VLOOKUP(C7,Acuan!$A$2:$B$6,2,FALSE()) -> 8 | L7: =IF(J7>=K7,"Efisien","Boros") -> Efisien | M7: =IF(WEEKDAY(B7,2)>5,"Akhir Pekan","Hari Kerja") -> Hari Kerja | N7: =I7/H7 -> 1111.1111
A8: 7 | B8: 46302 | C8: Honda Brio | D8: Dedi Kurniawan | E8: 28991 | F8: 29109 | G8: 8 | H8: =F8-E8 -> 118 | I8: =G8*$Q$2 -> 80000 | J8: =H8/G8 -> 14.75 | K8: =VLOOKUP(C8,Acuan!$A$2:$B$6,2,FALSE()) -> 14 | L8: =IF(J8>=K8,"Efisien","Boros") -> Efisien | M8: =IF(WEEKDAY(B8,2)>5,"Akhir Pekan","Hari Kerja") -> Hari Kerja | N8: =I8/H8 -> 677.9661
A9: 8 | B9: 46304 | C9: Toyota Innova | D9: Budi Hartono | E9: 55011 | F9: 55085 | G9: 8 | H9: =F9-E9 -> 74 | I9: =G9*$Q$2 -> 80000 | J9: =H9/G9 -> 9.25 | K9: =VLOOKUP(C9,Acuan!$A$2:$B$6,2,FALSE()) -> 9 | L9: =IF(J9>=K9,"Efisien","Boros") -> Efisien | M9: =IF(WEEKDAY(B9,2)>5,"Akhir Pekan","Hari Kerja") -> Hari Kerja | N9: =I9/H9 -> 1081.0811
A10: 9 | B10: 46305 | C10: Toyota Avanza | D10: Eko Prasetyo | E10: 70900 | F10: 70935 | G10: 3 | H10: =F10-E10 -> 35 | I10: =G10*$Q$2 -> 30000 | J10: =H10/G10 -> 11.666667 | K10: =VLOOKUP(C10,Acuan!$A$2:$B$6,2,FALSE()) -> 11 | L10: =IF(J10>=K10,"Efisien","Boros") -> Efisien | M10: =IF(WEEKDAY(B10,2)>5,"Akhir Pekan","Hari Kerja") -> Akhir Pekan | N10: =I10/H10 -> 857.14286
A11: 10 | B11: 46306 | C11: Daihatsu Gran Max | D11: Eko Prasetyo | E11: 44951 | F11: 45098 | G11: 16 | H11: =F11-E11 -> 147 | I11: =G11*$Q$2 -> 160000 | J11: =H11/G11 -> 9.1875 | K11: =VLOOKUP(C11,Acuan!$A$2:$B$6,2,FALSE()) -> 10 | L11: =IF(J11>=K11,"Efisien","Boros") -> Boros | M11: =IF(WEEKDAY(B11,2)>5,"Akhir Pekan","Hari Kerja") -> Akhir Pekan | N11: =I11/H11 -> 1088.4354
A12: 11 | B12: 46306 | C12: Toyota Innova | D12: Cecep Sutisna | E12: 55111 | F12: 55242 | G12: 12 | H12: =F12-E12 -> 131 | I12: =G12*$Q$2 -> 120000 | J12: =H12/G12 -> 10.916667 | K12: =VLOOKUP(C12,Acuan!$A$2:$B$6,2,FALSE()) -> 9 | L12: =IF(J12>=K12,"Efisien","Boros") -> Efisien | M12: =IF(WEEKDAY(B12,2)>5,"Akhir Pekan","Hari Kerja") -> Akhir Pekan | N12: =I12/H12 -> 916.03053
A13: 12 | B13: 46307 | C13: Honda Brio | D13: Dedi Kurniawan | E13: 29122 | F13: 29268 | G13: 11 | H13: =F13-E13 -> 146 | I13: =G13*$Q$2 -> 110000 | J13: =H13/G13 -> 13.272727 | K13: =VLOOKUP(C13,Acuan!$A$2:$B$6,2,FALSE()) -> 14 | L13: =IF(J13>=K13,"Efisien","Boros") -> Boros | M13: =IF(WEEKDAY(B13,2)>5,"Akhir Pekan","Hari Kerja") -> Hari Kerja | N13: =I13/H13 -> 753.42466
A14: 13 | B14: 46308 | C14: Toyota Avanza | D14: Cecep Sutisna | E14: 70941 | F14: 71106 | G14: 13 | H14: =F14-E14 -> 165 | I14: =G14*$Q$2 -> 130000 | J14: =H14/G14 -> 12.692308 | K14: =VLOOKUP(C14,Acuan!$A$2:$B$6,2,FALSE()) -> 11 | L14: =IF(J14>=K14,"Efisien","Boros") -> Efisien | M14: =IF(WEEKDAY(B14,2)>5,"Akhir Pekan","Hari Kerja") -> Hari Kerja | N14: =I14/H14 -> 787.87879
... A37: 36 | B37: 46326 | C37: Mitsubishi L300 | D37: Eko Prasetyo | E37: 65797 | F37: 65829 | G37: 3 | H37: =F37-E37 -> 32 | I37: =G37*$Q$2 -> 30000 | J37: =H37/G37 -> 10.666667 | K37: =VLOOKUP(C37,Acuan!$A$2:$B$6,2,FALSE()) -> 8 | L37: =IF(J37>=K37,"Efisien","Boros") -> Efisien | M37: =IF(WEEKDAY(B37,2)>5,"Akhir Pekan","Hari Kerja") -> Akhir Pekan | N37: =I37/H37 -> 937.5

Sheet Acuan
A1: Kendaraan | B1: Standar (km/liter) | C1: Jumlah Perjalanan | D1: Total Biaya BBM
A2: Toyota Avanza | B2: 11 | C2: =COUNTIF(Data!$C$2:$C$37,A2) -> 7 | D2: =SUMIF(Data!$C$2:$C$37,A2,Data!$I$2:$I$37) -> 630000
A3: Toyota Innova | B3: 9 | C3: =COUNTIF(Data!$C$2:$C$37,A3) -> 6 | D3: =SUMIF(Data!$C$2:$C$37,A3,Data!$I$2:$I$37) -> 760000
A4: Daihatsu Gran Max | B4: 10 | C4: =COUNTIF(Data!$C$2:$C$37,A4) -> 8 | D4: =SUMIF(Data!$C$2:$C$37,A4,Data!$I$2:$I$37) -> 930000
A5: Mitsubishi L300 | B5: 8 | C5: =COUNTIF(Data!$C$2:$C$37,A5) -> 8 | D5: =SUMIF(Data!$C$2:$C$37,A5,Data!$I$2:$I$37) -> 680000
A6: Honda Brio | B6: 14 | C6: =COUNTIF(Data!$C$2:$C$37,A6) -> 7 | D6: =SUMIF(Data!$C$2:$C$37,A6,Data!$I$2:$I$37) -> 440000

Sheet Ringkasan
A1: Ringkasan: lembar jawaban soal berjenis ringkasan
A2: Sel hijau berisi rumus kunci.
A3: No | B3: Pertanyaan | C3: Jawaban | D3: Contoh format hasil
A4: 8 | B4: Total jarak tempuh (km) | C4: =SUM(Data!$H$2:$H$37) -> 3387 | D4: Angka bulat, mis. 3.400
A5: 9 | B5: Total biaya BBM Oktober | C5: =SUM(Data!$I$2:$I$37) -> 3440000 | D5: Rupiah, mis. Rp 4.500.000
A6: 10 | B6: Rata-rata konsumsi BBM (km/liter) | C6: =AVERAGE(Data!$J$2:$J$37) -> 10.516795 | D6: Desimal 2 angka, mis. 10,25
A7: 11a | B7: Jumlah perjalanan berstatus Boros | C7: =COUNTIF(Data!$L$2:$L$37,"Boros") -> 18 | D7: Angka bulat, mis. 14
A8: 11b | B8: Jumlah perjalanan pada akhir pekan | C8: =COUNTIF(Data!$M$2:$M$37,"Akhir Pekan") -> 7 | D8: Angka bulat, mis. 14
A9: 12 | B9: Tanggal perjalanan terjauh | C9: =INDEX(Data!$B$2:$B$37,MATCH(MAX(Data!$H$2:$H$37),Data!$H$2:$H$37,0)) -> 46313 | D9: Tanggal, mis. 14/10/2026
A10: 15 | B10: Kendaraan dengan total biaya BBM terbesar | C10: =INDEX(Acuan!$A$2:$A$6,MATCH(MAX(Acuan!$D$2:$D$6),Acuan!$D$2:$D$6,0)) -> Daihatsu Gran Max | D10: Teks: nama kendaraan
