Workbook

Sheet Petunjuk
A1: Kunci Jawaban: Penggajian Karyawan Bulanan
A2: Latihan 7 dari 24 | Tingkat: Lanjutan | Perkiraan waktu: 60 menit | pushexcel.github.io/Pushexcel
A4: Skenario
A5: Kamu staf payroll di PT Karya Utama. Tiap golongan punya gaji pokok, tunjangan jabatan, dan tarif lembur sendiri (sheet Acuan). Karyawan berstatus K (kawin) mendapat tunjangan keluarga 10 persen dari gaji pokok. Potongan BPJS karyawan adalah 1 persen (Kesehatan) ditambah 2 persen (JHT) dari gaji pokok. Kamu menyusun daftar gaji bulan ini untuk 16 karyawan.
A7: Cara memakai kunci
A8: 1. | B8: Sel hijau berisi rumus kunci yang sudah dihitung. Klik sel untuk melihat rumusnya.
A9: 2. | B9: Kolom Rumus kunci di bawah menampilkan rumus untuk baris pertama atau tiap sel jawaban.
A10: 3. | B10: Rumus ditulis dengan titik koma (;). Ganti dengan koma (,) bila Excel kamu berbahasa Inggris.
A11: 4. | B11: Jawaban lain yang benar secara logika juga boleh, selama hasilnya sama.
A13: Arti warna
B14: Judul kolom data yang sudah diberikan
B15: Judul kolom hasil hitung
B16: Sel berisi rumus kunci
B17: Angka berwarna biru pada blok Parameter = nilai tetap yang boleh dirujuk
A19: Daftar soal
A20: No | B20: Soal | C20: Jawab di | D20: Rumus kunci
A21: 1 | B21: Ambil gaji pokok setiap karyawan dari tabel golongan di sheet Acuan. | C21: Sheet Data, kolom F (Gaji Pokok), baris 2 sampai 17 | D21: =VLOOKUP(C2;Acuan!$A$2:$D$5;2;FALSE)
A22: 2 | B22: Ambil tunjangan jabatan dengan cara yang sama. Perhatikan nomor kolom yang diambil. | C22: Sheet Data, kolom G (Tunjangan Jabatan), baris 2 sampai 17 | D22: =VLOOKUP(C2;Acuan!$A$2:$D$5;3;FALSE)
A23: 3 | B23: Hitung tunjangan keluarga: karyawan berstatus K mendapat persentase tunjangan dari gaji pokok, status TK mendapat 0. | C23: Sheet Data, kolom H (Tunjangan Keluarga), baris 2 sampai 17 | D23: =IF(D2="K";ROUND(F2*$O$2;0);0)
A24: 4 | B24: Hitung upah lembur: jam lembur dikali tarif lembur per jam sesuai golongan. | C24: Sheet Data, kolom I (Upah Lembur), baris 2 sampai 17 | D24: =E2*VLOOKUP(C2;Acuan!$A$2:$D$5;4;FALSE)
A25: 5 | B25: Hitung gaji kotor: gaji pokok + tunjangan jabatan + tunjangan keluarga + upah lembur. | C25: Sheet Data, kolom J (Gaji Kotor), baris 2 sampai 17 | D25: =SUM(F2:I2)
A26: 6 | B26: Hitung potongan BPJS: gaji pokok dikali jumlah persentase BPJS Kesehatan dan JHT. | C26: Sheet Data, kolom K (Potongan BPJS), baris 2 sampai 17 | D26: =ROUND(F2*($O$3+$O$4);0)
A27: 7 | B27: Hitung gaji bersih: gaji kotor dikurangi potongan BPJS. | C27: Sheet Data, kolom L (Gaji Bersih), baris 2 sampai 17 | D27: =J2-K2
A28: 8 | B28: Berapa total anggaran gaji bersih bulan ini untuk seluruh karyawan? | C28: Sheet Ringkasan, sel C4 | D28: =SUM(Data!$L$2:$L$17)
A29: 9 | B29: Siapa karyawan dengan gaji bersih tertinggi? | C29: Sheet Ringkasan, sel C5 | D29: =INDEX(Data!$B$2:$B$17;MATCH(MAX(Data!$L$2:$L$17);Data!$L$2:$L$17;0))
A30: 10 | B30: Berapa rata-rata gaji bersih karyawan golongan III? | C30: Sheet Ringkasan, sel C6 | D30: =AVERAGEIF(Data!$C$2:$C$17;"III";Data!$L$2:$L$17)
A31: 11 | B31: Berapa karyawan yang lembur lebih dari 20 jam? | C31: Sheet Ringkasan, sel C7 | D31: =COUNTIF(Data!$E$2:$E$17;">20")
A32: 12 | B32: Berapa total upah lembur yang dibayarkan bulan ini? | C32: Sheet Ringkasan, sel C8 | D32: =SUM(Data!$I$2:$I$17)

Sheet Data
A1: No | B1: Nama Karyawan | C1: Golongan | D1: Status | E1: Jam Lembur | F1: Gaji Pokok | G1: Tunjangan Jabatan | H1: Tunjangan Keluarga | I1: Upah Lembur | J1: Gaji Kotor | K1: Potongan BPJS | L1: Gaji Bersih | N1: Parameter | O1: Nilai | P1: Keterangan
A2: 1 | B2: Intan Susanto | C2: II | D2: TK | E2: 0 | F2: =VLOOKUP(C2,Acuan!$A$2:$D$5,2,FALSE()) -> 4500000 | G2: =VLOOKUP(C2,Acuan!$A$2:$D$5,3,FALSE()) -> 500000 | H2: =IF(D2="K",ROUND(F2*$O$2,0),0) -> 0 | I2: =E2*VLOOKUP(C2,Acuan!$A$2:$D$5,4,FALSE()) -> 0 | J2: =SUM(F2:I2) -> 5000000 | K2: =ROUND(F2*($O$3+$O$4),0) -> 135000 | L2: =J2-K2 -> 4865000 | N2: Tunjangan keluarga (status K) | O2: 0.1 | P2: Persen dari gaji pokok
A3: 2 | B3: Jamal Wijaya | C3: III | D3: K | E3: 4 | F3: =VLOOKUP(C3,Acuan!$A$2:$D$5,2,FALSE()) -> 6000000 | G3: =VLOOKUP(C3,Acuan!$A$2:$D$5,3,FALSE()) -> 900000 | H3: =IF(D3="K",ROUND(F3*$O$2,0),0) -> 600000 | I3: =E3*VLOOKUP(C3,Acuan!$A$2:$D$5,4,FALSE()) -> 140000 | J3: =SUM(F3:I3) -> 7640000 | K3: =ROUND(F3*($O$3+$O$4),0) -> 180000 | L3: =J3-K3 -> 7460000 | N3: Potongan BPJS Kesehatan | O3: 0.01 | P3: Persen dari gaji pokok
A4: 3 | B4: Putri Firmansyah | C4: II | D4: TK | E4: 8 | F4: =VLOOKUP(C4,Acuan!$A$2:$D$5,2,FALSE()) -> 4500000 | G4: =VLOOKUP(C4,Acuan!$A$2:$D$5,3,FALSE()) -> 500000 | H4: =IF(D4="K",ROUND(F4*$O$2,0),0) -> 0 | I4: =E4*VLOOKUP(C4,Acuan!$A$2:$D$5,4,FALSE()) -> 200000 | J4: =SUM(F4:I4) -> 5200000 | K4: =ROUND(F4*($O$3+$O$4),0) -> 135000 | L4: =J4-K4 -> 5065000 | N4: Potongan BPJS JHT | O4: 0.02 | P4: Persen dari gaji pokok
A5: 4 | B5: Prasetyo Santoso | C5: I | D5: K | E5: 32 | F5: =VLOOKUP(C5,Acuan!$A$2:$D$5,2,FALSE()) -> 3500000 | G5: =VLOOKUP(C5,Acuan!$A$2:$D$5,3,FALSE()) -> 300000 | H5: =IF(D5="K",ROUND(F5*$O$2,0),0) -> 350000 | I5: =E5*VLOOKUP(C5,Acuan!$A$2:$D$5,4,FALSE()) -> 640000 | J5: =SUM(F5:I5) -> 4790000 | K5: =ROUND(F5*($O$3+$O$4),0) -> 105000 | L5: =J5-K5 -> 4685000
A6: 5 | B6: Gunawan Wibowo | C6: IV | D6: TK | E6: 8 | F6: =VLOOKUP(C6,Acuan!$A$2:$D$5,2,FALSE()) -> 8000000 | G6: =VLOOKUP(C6,Acuan!$A$2:$D$5,3,FALSE()) -> 1500000 | H6: =IF(D6="K",ROUND(F6*$O$2,0),0) -> 0 | I6: =E6*VLOOKUP(C6,Acuan!$A$2:$D$5,4,FALSE()) -> 400000 | J6: =SUM(F6:I6) -> 9900000 | K6: =ROUND(F6*($O$3+$O$4),0) -> 240000 | L6: =J6-K6 -> 9660000
A7: 6 | B7: Sari Santoso | C7: III | D7: K | E7: 32 | F7: =VLOOKUP(C7,Acuan!$A$2:$D$5,2,FALSE()) -> 6000000 | G7: =VLOOKUP(C7,Acuan!$A$2:$D$5,3,FALSE()) -> 900000 | H7: =IF(D7="K",ROUND(F7*$O$2,0),0) -> 600000 | I7: =E7*VLOOKUP(C7,Acuan!$A$2:$D$5,4,FALSE()) -> 1120000 | J7: =SUM(F7:I7) -> 8620000 | K7: =ROUND(F7*($O$3+$O$4),0) -> 180000 | L7: =J7-K7 -> 8440000
A8: 7 | B8: Ayu Susanto | C8: IV | D8: K | E8: 12 | F8: =VLOOKUP(C8,Acuan!$A$2:$D$5,2,FALSE()) -> 8000000 | G8: =VLOOKUP(C8,Acuan!$A$2:$D$5,3,FALSE()) -> 1500000 | H8: =IF(D8="K",ROUND(F8*$O$2,0),0) -> 800000 | I8: =E8*VLOOKUP(C8,Acuan!$A$2:$D$5,4,FALSE()) -> 600000 | J8: =SUM(F8:I8) -> 10900000 | K8: =ROUND(F8*($O$3+$O$4),0) -> 240000 | L8: =J8-K8 -> 10660000
A9: 8 | B9: Umar Setiawan | C9: II | D9: TK | E9: 0 | F9: =VLOOKUP(C9,Acuan!$A$2:$D$5,2,FALSE()) -> 4500000 | G9: =VLOOKUP(C9,Acuan!$A$2:$D$5,3,FALSE()) -> 500000 | H9: =IF(D9="K",ROUND(F9*$O$2,0),0) -> 0 | I9: =E9*VLOOKUP(C9,Acuan!$A$2:$D$5,4,FALSE()) -> 0 | J9: =SUM(F9:I9) -> 5000000 | K9: =ROUND(F9*($O$3+$O$4),0) -> 135000 | L9: =J9-K9 -> 4865000
A10: 9 | B10: Yanti Permana | C10: II | D10: TK | E10: 10 | F10: =VLOOKUP(C10,Acuan!$A$2:$D$5,2,FALSE()) -> 4500000 | G10: =VLOOKUP(C10,Acuan!$A$2:$D$5,3,FALSE()) -> 500000 | H10: =IF(D10="K",ROUND(F10*$O$2,0),0) -> 0 | I10: =E10*VLOOKUP(C10,Acuan!$A$2:$D$5,4,FALSE()) -> 250000 | J10: =SUM(F10:I10) -> 5250000 | K10: =ROUND(F10*($O$3+$O$4),0) -> 135000 | L10: =J10-K10 -> 5115000
A11: 10 | B11: Ahmad Saputra | C11: II | D11: TK | E11: 0 | F11: =VLOOKUP(C11,Acuan!$A$2:$D$5,2,FALSE()) -> 4500000 | G11: =VLOOKUP(C11,Acuan!$A$2:$D$5,3,FALSE()) -> 500000 | H11: =IF(D11="K",ROUND(F11*$O$2,0),0) -> 0 | I11: =E11*VLOOKUP(C11,Acuan!$A$2:$D$5,4,FALSE()) -> 0 | J11: =SUM(F11:I11) -> 5000000 | K11: =ROUND(F11*($O$3+$O$4),0) -> 135000 | L11: =J11-K11 -> 4865000
A12: 11 | B12: Edi Susanto | C12: I | D12: TK | E12: 8 | F12: =VLOOKUP(C12,Acuan!$A$2:$D$5,2,FALSE()) -> 3500000 | G12: =VLOOKUP(C12,Acuan!$A$2:$D$5,3,FALSE()) -> 300000 | H12: =IF(D12="K",ROUND(F12*$O$2,0),0) -> 0 | I12: =E12*VLOOKUP(C12,Acuan!$A$2:$D$5,4,FALSE()) -> 160000 | J12: =SUM(F12:I12) -> 3960000 | K12: =ROUND(F12*($O$3+$O$4),0) -> 105000 | L12: =J12-K12 -> 3855000
A13: 12 | B13: Prasetyo Kurniawan | C13: III | D13: K | E13: 20 | F13: =VLOOKUP(C13,Acuan!$A$2:$D$5,2,FALSE()) -> 6000000 | G13: =VLOOKUP(C13,Acuan!$A$2:$D$5,3,FALSE()) -> 900000 | H13: =IF(D13="K",ROUND(F13*$O$2,0),0) -> 600000 | I13: =E13*VLOOKUP(C13,Acuan!$A$2:$D$5,4,FALSE()) -> 700000 | J13: =SUM(F13:I13) -> 8200000 | K13: =ROUND(F13*($O$3+$O$4),0) -> 180000 | L13: =J13-K13 -> 8020000
A14: 13 | B14: Teguh Utomo | C14: IV | D14: K | E14: 4 | F14: =VLOOKUP(C14,Acuan!$A$2:$D$5,2,FALSE()) -> 8000000 | G14: =VLOOKUP(C14,Acuan!$A$2:$D$5,3,FALSE()) -> 1500000 | H14: =IF(D14="K",ROUND(F14*$O$2,0),0) -> 800000 | I14: =E14*VLOOKUP(C14,Acuan!$A$2:$D$5,4,FALSE()) -> 200000 | J14: =SUM(F14:I14) -> 10500000 | K14: =ROUND(F14*($O$3+$O$4),0) -> 240000 | L14: =J14-K14 -> 10260000
A15: 14 | B15: Prasetyo Utomo | C15: III | D15: K | E15: 24 | F15: =VLOOKUP(C15,Acuan!$A$2:$D$5,2,FALSE()) -> 6000000 | G15: =VLOOKUP(C15,Acuan!$A$2:$D$5,3,FALSE()) -> 900000 | H15: =IF(D15="K",ROUND(F15*$O$2,0),0) -> 600000 | I15: =E15*VLOOKUP(C15,Acuan!$A$2:$D$5,4,FALSE()) -> 840000 | J15: =SUM(F15:I15) -> 8340000 | K15: =ROUND(F15*($O$3+$O$4),0) -> 180000 | L15: =J15-K15 -> 8160000
A16: 15 | B16: Ratna Handayani | C16: I | D16: TK | E16: 4 | F16: =VLOOKUP(C16,Acuan!$A$2:$D$5,2,FALSE()) -> 3500000 | G16: =VLOOKUP(C16,Acuan!$A$2:$D$5,3,FALSE()) -> 300000 | H16: =IF(D16="K",ROUND(F16*$O$2,0),0) -> 0 | I16: =E16*VLOOKUP(C16,Acuan!$A$2:$D$5,4,FALSE()) -> 80000 | J16: =SUM(F16:I16) -> 3880000 | K16: =ROUND(F16*($O$3+$O$4),0) -> 105000 | L16: =J16-K16 -> 3775000
A17: 16 | B17: Wawan Pratama | C17: I | D17: TK | E17: 0 | F17: =VLOOKUP(C17,Acuan!$A$2:$D$5,2,FALSE()) -> 3500000 | G17: =VLOOKUP(C17,Acuan!$A$2:$D$5,3,FALSE()) -> 300000 | H17: =IF(D17="K",ROUND(F17*$O$2,0),0) -> 0 | I17: =E17*VLOOKUP(C17,Acuan!$A$2:$D$5,4,FALSE()) -> 0 | J17: =SUM(F17:I17) -> 3800000 | K17: =ROUND(F17*($O$3+$O$4),0) -> 105000 | L17: =J17-K17 -> 3695000

Sheet Acuan
A1: Golongan | B1: Gaji Pokok | C1: Tunjangan Jabatan | D1: Tarif Lembur per Jam
A2: I | B2: 3500000 | C2: 300000 | D2: 20000
A3: II | B3: 4500000 | C3: 500000 | D3: 25000
A4: III | B4: 6000000 | C4: 900000 | D4: 35000
A5: IV | B5: 8000000 | C5: 1500000 | D5: 50000

Sheet Ringkasan
A1: Ringkasan: lembar jawaban soal berjenis ringkasan
A2: Sel hijau berisi rumus kunci.
A3: No | B3: Pertanyaan | C3: Jawaban | D3: Contoh format hasil
A4: 8 | B4: Total gaji bersih seluruh karyawan | C4: =SUM(Data!$L$2:$L$17) -> 103445000 | D4: Rupiah, mis. Rp 95.000.000
A5: 9 | B5: Nama karyawan bergaji bersih tertinggi | C5: =INDEX(Data!$B$2:$B$17,MATCH(MAX(Data!$L$2:$L$17),Data!$L$2:$L$17,0)) -> Ayu Susanto | D5: Teks: nama karyawan
A6: 10 | B6: Rata-rata gaji bersih golongan III | C6: =AVERAGEIF(Data!$C$2:$C$17,"III",Data!$L$2:$L$17) -> 8020000 | D6: Rupiah, mis. Rp 7.200.000
A7: 11 | B7: Jumlah karyawan dengan lembur lebih dari 20 jam | C7: =COUNTIF(Data!$E$2:$E$17,">20") -> 3 | D7: Angka bulat, mis. 4
A8: 12 | B8: Total upah lembur | C8: =SUM(Data!$I$2:$I$17) -> 5330000 | D8: Rupiah, mis. Rp 6.500.000
