Workbook

Sheet Petunjuk
A1: Kunci Jawaban: Buku Kas Kecil Bulanan
A2: Latihan 3 dari 24 | Tingkat: Pemula | Perkiraan waktu: 40 menit | pushexcel.github.io/Pushexcel
A4: Skenario
A5: Kamu bendahara kantor kecil dan memegang kas kecil. Saldo awal Oktober 2026 adalah Rp 5.000.000. Sepanjang bulan ada 3 kali pengisian kas dan banyak pengeluaran harian. Kamu menyusun buku kas, menghitung saldo setiap transaksi, lalu merekap pengeluaran per kategori untuk laporan ke atasan.
A7: Cara memakai kunci
A8: 1. | B8: Sel hijau berisi rumus kunci yang sudah dihitung. Klik sel untuk melihat rumusnya.
A9: 2. | B9: Kolom Rumus kunci di bawah menampilkan rumus untuk baris pertama atau tiap sel jawaban.
A10: 3. | B10: Rumus ditulis dengan titik koma (;). Ganti dengan koma (,) bila Excel kamu berbahasa Inggris.
A11: 4. | B11: Jawaban lain yang benar secara logika juga boleh, selama hasilnya sama.
A13: Arti warna
B14: Judul kolom data yang sudah diberikan
B15: Judul kolom hasil hitung
B16: Sel berisi rumus kunci
B17: Angka berwarna biru pada blok Parameter = nilai tetap yang boleh dirujuk
A19: Daftar soal
A20: No | B20: Soal | C20: Jawab di | D20: Rumus kunci
A21: 1 | B21: Hitung saldo setelah tiap transaksi: saldo awal ditambah semua penerimaan sampai baris itu, dikurangi semua pengeluaran sampai baris itu. | C21: Sheet Data, kolom G (Saldo), baris 2 sampai 37 | D21: =$K$2+SUM(E$2:E2)-SUM(F$2:F2)
A22: 2 | B22: Tandai Ya bila pengeluaran sama dengan atau di atas batas persetujuan, selain itu Tidak. Baris penerimaan otomatis Tidak. | C22: Sheet Data, kolom H (Perlu Persetujuan), baris 2 sampai 37 | D22: =IF(F2>=$K$3;"Ya";"Tidak")
A23: 3 | B23: Berapa total penerimaan selama Oktober? | C23: Sheet Ringkasan, sel C4 | D23: =SUM(Data!$E$2:$E$37)
A24: 4 | B24: Berapa total pengeluaran selama Oktober? | C24: Sheet Ringkasan, sel C5 | D24: =SUM(Data!$F$2:$F$37)
A25: 5 | B25: Berapa saldo akhir kas kecil? Hitung dari saldo awal, total penerimaan, dan total pengeluaran. | C25: Sheet Ringkasan, sel C6 | D25: =Data!$K$2+SUM(Data!$E$2:$E$37)-SUM(Data!$F$2:$F$37)
A26: 6 | B26: Pada sheet Acuan, hitung total pengeluaran untuk tiap kategori. | C26: Sheet Acuan, kolom B (Total Pengeluaran), baris 2 sampai 6 | D26: =SUMIF(Data!$D$2:$D$37;A2;Data!$F$2:$F$37)
A27: 7 | B27: Pada sheet Acuan, hitung persentase tiap kategori terhadap total pengeluaran semua kategori. | C27: Sheet Acuan, kolom C (Persentase dari Total), baris 2 sampai 6 | D27: =B2/SUM($B$2:$B$6)
A28: 8 | B28: Kategori mana yang pengeluarannya terbesar? | C28: Sheet Ringkasan, sel C7 | D28: =INDEX(Acuan!$A$2:$A$6;MATCH(MAX(Acuan!$B$2:$B$6);Acuan!$B$2:$B$6;0))
A29: 9 | B29: Berapa transaksi pengeluaran yang perlu persetujuan atasan? | C29: Sheet Ringkasan, sel C8 | D29: =COUNTIF(Data!$H$2:$H$37;"Ya")
A30: 10 | B30: Pada tanggal berapa terjadi pengeluaran tunggal terbesar? | C30: Sheet Ringkasan, sel C9 | D30: =INDEX(Data!$B$2:$B$37;MATCH(MAX(Data!$F$2:$F$37);Data!$F$2:$F$37;0))

Sheet Data
A1: No | B1: Tanggal | C1: Keterangan | D1: Kategori | E1: Penerimaan | F1: Pengeluaran | G1: Saldo | H1: Perlu Persetujuan | J1: Parameter | K1: Nilai | L1: Keterangan
A2: 1 | B2: 46296 | C2: Pengisian kas dari kantor pusat | D2: Penerimaan | E2: 3000000 | G2: =$K$2+SUM(E$2:E2)-SUM(F$2:F2) -> 8000000 | H2: =IF(F2>=$K$3,"Ya","Tidak") -> Tidak | J2: Saldo awal Oktober 2026 | K2: 5000000
A3: 2 | B3: 46296 | C3: Kopi dan gula | D3: Konsumsi | F3: 135000 | G3: =$K$2+SUM(E$2:E3)-SUM(F$2:F3) -> 7865000 | H3: =IF(F3>=$K$3,"Ya","Tidak") -> Tidak | J3: Batas pengeluaran perlu persetujuan | K3: 250000 | L3: Pengeluaran sama dengan atau di atas nilai ini perlu persetujuan atasan
A4: 3 | B4: 46300 | C4: Kopi dan gula | D4: Konsumsi | F4: 80000 | G4: =$K$2+SUM(E$2:E4)-SUM(F$2:F4) -> 7785000 | H4: =IF(F4>=$K$3,"Ya","Tidak") -> Tidak
A5: 4 | B5: 46300 | C5: Snack rapat | D5: Konsumsi | F5: 110000 | G5: =$K$2+SUM(E$2:E5)-SUM(F$2:F5) -> 7675000 | H5: =IF(F5>=$K$3,"Ya","Tidak") -> Tidak
A6: 5 | B6: 46301 | C6: Ongkos kirim dokumen | D6: Transportasi | F6: 40000 | G6: =$K$2+SUM(E$2:E6)-SUM(F$2:F6) -> 7635000 | H6: =IF(F6>=$K$3,"Ya","Tidak") -> Tidak
A7: 6 | B7: 46301 | C7: Ongkos kirim dokumen | D7: Transportasi | F7: 15000 | G7: =$K$2+SUM(E$2:E7)-SUM(F$2:F7) -> 7620000 | H7: =IF(F7>=$K$3,"Ya","Tidak") -> Tidak
A8: 7 | B8: 46302 | C8: Perbaikan AC | D8: Lain-lain | F8: 595000 | G8: =$K$2+SUM(E$2:E8)-SUM(F$2:F8) -> 7025000 | H8: =IF(F8>=$K$3,"Ya","Tidak") -> Ya
A9: 8 | B9: 46303 | C9: Token listrik | D9: Listrik dan Air | F9: 260000 | G9: =$K$2+SUM(E$2:E9)-SUM(F$2:F9) -> 6765000 | H9: =IF(F9>=$K$3,"Ya","Tidak") -> Ya
A10: 9 | B10: 46303 | C10: Materai | D10: ATK | F10: 70000 | G10: =$K$2+SUM(E$2:E10)-SUM(F$2:F10) -> 6695000 | H10: =IF(F10>=$K$3,"Ya","Tidak") -> Tidak
A11: 10 | B11: 46306 | C11: Fotokopi dokumen | D11: ATK | F11: 40000 | G11: =$K$2+SUM(E$2:E11)-SUM(F$2:F11) -> 6655000 | H11: =IF(F11>=$K$3,"Ya","Tidak") -> Tidak
A12: 11 | B12: 46307 | C12: Pengisian kas dari kantor pusat | D12: Penerimaan | E12: 2500000 | G12: =$K$2+SUM(E$2:E12)-SUM(F$2:F12) -> 9155000 | H12: =IF(F12>=$K$3,"Ya","Tidak") -> Tidak
A13: 12 | B13: 46307 | C13: Snack rapat | D13: Konsumsi | F13: 85000 | G13: =$K$2+SUM(E$2:E13)-SUM(F$2:F13) -> 9070000 | H13: =IF(F13>=$K$3,"Ya","Tidak") -> Tidak
A14: 13 | B14: 46308 | C14: Bensin kendaraan operasional | D14: Transportasi | F14: 115000 | G14: =$K$2+SUM(E$2:E14)-SUM(F$2:F14) -> 8955000 | H14: =IF(F14>=$K$3,"Ya","Tidak") -> Tidak
A15: 14 | B15: 46308 | C15: Fotokopi dokumen | D15: ATK | F15: 100000 | G15: =$K$2+SUM(E$2:E15)-SUM(F$2:F15) -> 8855000 | H15: =IF(F15>=$K$3,"Ya","Tidak") -> Tidak
A16: 15 | B16: 46308 | C16: Parkir dan tol | D16: Transportasi | F16: 40000 | G16: =$K$2+SUM(E$2:E16)-SUM(F$2:F16) -> 8815000 | H16: =IF(F16>=$K$3,"Ya","Tidak") -> Tidak
A17: 16 | B17: 46310 | C17: Air galon | D17: Konsumsi | F17: 90000 | G17: =$K$2+SUM(E$2:E17)-SUM(F$2:F17) -> 8725000 | H17: =IF(F17>=$K$3,"Ya","Tidak") -> Tidak
A18: 17 | B18: 46310 | C18: Materai | D18: ATK | F18: 90000 | G18: =$K$2+SUM(E$2:E18)-SUM(F$2:F18) -> 8635000 | H18: =IF(F18>=$K$3,"Ya","Tidak") -> Tidak
A19: 18 | B19: 46311 | C19: Perbaikan AC | D19: Lain-lain | F19: 515000 | G19: =$K$2+SUM(E$2:E19)-SUM(F$2:F19) -> 8120000 | H19: =IF(F19>=$K$3,"Ya","Tidak") -> Ya
A20: 19 | B20: 46312 | C20: Kertas dan tinta | D20: ATK | F20: 150000 | G20: =$K$2+SUM(E$2:E20)-SUM(F$2:F20) -> 7970000 | H20: =IF(F20>=$K$3,"Ya","Tidak") -> Tidak
A21: 20 | B21: 46313 | C21: Snack rapat | D21: Konsumsi | F21: 265000 | G21: =$K$2+SUM(E$2:E21)-SUM(F$2:F21) -> 7705000 | H21: =IF(F21>=$K$3,"Ya","Tidak") -> Ya
A22: 21 | B22: 46313 | C22: Kebersihan kantor | D22: Lain-lain | F22: 250000 | G22: =$K$2+SUM(E$2:E22)-SUM(F$2:F22) -> 7455000 | H22: =IF(F22>=$K$3,"Ya","Tidak") -> Ya
A23: 22 | B23: 46313 | C23: Iuran air | D23: Listrik dan Air | F23: 110000 | G23: =$K$2+SUM(E$2:E23)-SUM(F$2:F23) -> 7345000 | H23: =IF(F23>=$K$3,"Ya","Tidak") -> Tidak
A24: 23 | B24: 46313 | C24: Bensin kendaraan operasional | D24: Transportasi | F24: 120000 | G24: =$K$2+SUM(E$2:E24)-SUM(F$2:F24) -> 7225000 | H24: =IF(F24>=$K$3,"Ya","Tidak") -> Tidak
... A27: 26 | B27: 46316 | C27: Air galon | D27: Konsumsi | F27: 75000 | G27: =$K$2+SUM(E$2:E27)-SUM(F$2:F27) -> 7040000 | H27: =IF(F27>=$K$3,"Ya","Tidak") -> Tidak
A28: 27 | B28: 46317 | C28: Pengisian kas dari kantor pusat | D28: Penerimaan | E28: 2000000 | G28: =$K$2+SUM(E$2:E28)-SUM(F$2:F28) -> 9040000 | H28: =IF(F28>=$K$3,"Ya","Tidak") -> Tidak
A29: 28 | B29: 46317 | C29: Parkir dan tol | D29: Transportasi | F29: 45000 | G29: =$K$2+SUM(E$2:E29)-SUM(F$2:F29) -> 8995000 | H29: =IF(F29>=$K$3,"Ya","Tidak") -> Tidak
A30: 29 | B30: 46317 | C30: Kertas dan tinta | D30: ATK | F30: 395000 | G30: =$K$2+SUM(E$2:E30)-SUM(F$2:F30) -> 8600000 | H30: =IF(F30>=$K$3,"Ya","Tidak") -> Ya
A31: 30 | B31: 46319 | C31: Kopi dan gula | D31: Konsumsi | F31: 60000 | G31: =$K$2+SUM(E$2:E31)-SUM(F$2:F31) -> 8540000 | H31: =IF(F31>=$K$3,"Ya","Tidak") -> Tidak
A32: 31 | B32: 46320 | C32: Kertas dan tinta | D32: ATK | F32: 195000 | G32: =$K$2+SUM(E$2:E32)-SUM(F$2:F32) -> 8345000 | H32: =IF(F32>=$K$3,"Ya","Tidak") -> Tidak
A33: 32 | B33: 46320 | C33: Perbaikan AC | D33: Lain-lain | F33: 500000 | G33: =$K$2+SUM(E$2:E33)-SUM(F$2:F33) -> 7845000 | H33: =IF(F33>=$K$3,"Ya","Tidak") -> Ya
A34: 33 | B34: 46321 | C34: Kertas dan tinta | D34: ATK | F34: 300000 | G34: =$K$2+SUM(E$2:E34)-SUM(F$2:F34) -> 7545000 | H34: =IF(F34>=$K$3,"Ya","Tidak") -> Ya
A35: 34 | B35: 46322 | C35: Materai | D35: ATK | F35: 55000 | G35: =$K$2+SUM(E$2:E35)-SUM(F$2:F35) -> 7490000 | H35: =IF(F35>=$K$3,"Ya","Tidak") -> Tidak
A36: 35 | B36: 46322 | C36: Materai | D36: ATK | F36: 75000 | G36: =$K$2+SUM(E$2:E36)-SUM(F$2:F36) -> 7415000 | H36: =IF(F36>=$K$3,"Ya","Tidak") -> Tidak
A37: 36 | B37: 46323 | C37: Parkir dan tol | D37: Transportasi | F37: 25000 | G37: =$K$2+SUM(E$2:E37)-SUM(F$2:F37) -> 7390000 | H37: =IF(F37>=$K$3,"Ya","Tidak") -> Tidak

Sheet Acuan
A1: Kategori Pengeluaran | B1: Total Pengeluaran | C1: Persentase dari Total
A2: Transportasi | B2: =SUMIF(Data!$D$2:$D$37,A2,Data!$F$2:$F$37) -> 435000 | C2: =B2/SUM($B$2:$B$6) -> 0.085127202
A3: Konsumsi | B3: =SUMIF(Data!$D$2:$D$37,A3,Data!$F$2:$F$37) -> 900000 | C3: =B3/SUM($B$2:$B$6) -> 0.17612524
A4: ATK | B4: =SUMIF(Data!$D$2:$D$37,A4,Data!$F$2:$F$37) -> 1545000 | C4: =B4/SUM($B$2:$B$6) -> 0.30234834
A5: Listrik dan Air | B5: =SUMIF(Data!$D$2:$D$37,A5,Data!$F$2:$F$37) -> 370000 | C5: =B5/SUM($B$2:$B$6) -> 0.072407045
A6: Lain-lain | B6: =SUMIF(Data!$D$2:$D$37,A6,Data!$F$2:$F$37) -> 1860000 | C6: =B6/SUM($B$2:$B$6) -> 0.36399217

Sheet Ringkasan
A1: Ringkasan: lembar jawaban soal berjenis ringkasan
A2: Sel hijau berisi rumus kunci.
A3: No | B3: Pertanyaan | C3: Jawaban | D3: Contoh format hasil
A4: 3 | B4: Total penerimaan Oktober | C4: =SUM(Data!$E$2:$E$37) -> 7500000 | D4: Rupiah, mis. Rp 7.500.000
A5: 4 | B5: Total pengeluaran Oktober | C5: =SUM(Data!$F$2:$F$37) -> 5110000 | D5: Rupiah, mis. Rp 6.200.000
A6: 5 | B6: Saldo akhir kas kecil | C6: =Data!$K$2+SUM(Data!$E$2:$E$37)-SUM(Data!$F$2:$F$37) -> 7390000 | D6: Rupiah, mis. Rp 6.300.000
A7: 8 | B7: Kategori dengan pengeluaran terbesar | C7: =INDEX(Acuan!$A$2:$A$6,MATCH(MAX(Acuan!$B$2:$B$6),Acuan!$B$2:$B$6,0)) -> Lain-lain | D7: Teks: nama kategori
A8: 9 | B8: Jumlah transaksi perlu persetujuan | C8: =COUNTIF(Data!$H$2:$H$37,"Ya") -> 8 | D8: Angka bulat, mis. 7
A9: 10 | B9: Tanggal pengeluaran tunggal terbesar | C9: =INDEX(Data!$B$2:$B$37,MATCH(MAX(Data!$F$2:$F$37),Data!$F$2:$F$37,0)) -> 46302 | D9: Tanggal, mis. 14/10/2026
