Workbook

Sheet Petunjuk
A1: Kunci Jawaban: Omzet Toko Online per Platform dan Bulan
A2: Latihan 19 dari 24 | Tingkat: Menengah | Perkiraan waktu: 50 menit | pushexcel.github.io/Pushexcel
A4: Skenario
A5: Kamu admin toko online Gaya Kita yang menjual lewat tiga marketplace dan website sendiri. Triwulan III 2026 ada 45 pesanan. Tiap marketplace memotong biaya admin dengan persentase berbeda (sheet Acuan; angkanya contoh fiktif). Kamu merekap penjualan bersih per bulan dan per platform.
A7: Cara memakai kunci
A8: 1. | B8: Sel hijau berisi rumus kunci yang sudah dihitung. Klik sel untuk melihat rumusnya.
A9: 2. | B9: Kolom Rumus kunci di bawah menampilkan rumus untuk baris pertama atau tiap sel jawaban.
A10: 3. | B10: Rumus ditulis dengan titik koma (;). Ganti dengan koma (,) bila Excel kamu berbahasa Inggris.
A11: 4. | B11: Jawaban lain yang benar secara logika juga boleh, selama hasilnya sama.
A13: Arti warna
B14: Judul kolom data yang sudah diberikan
B15: Judul kolom hasil hitung
B16: Sel berisi rumus kunci
B17: Angka berwarna biru pada blok Parameter = nilai tetap yang boleh dirujuk
A19: Daftar soal
A20: No | B20: Soal | C20: Jawab di | D20: Rumus kunci
A21: 1 | B21: Hitung omzet pesanan: jumlah dikali harga satuan. | C21: Sheet Data, kolom G (Omzet), baris 2 sampai 46 | D21: =E2*F2
A22: 2 | B22: Ambil nomor bulan dari tanggal pesanan. | C22: Sheet Data, kolom H (Bulan), baris 2 sampai 46 | D22: =MONTH(B2)
A23: 3 | B23: Hitung biaya admin: omzet dikali persentase biaya admin platform (dari sheet Acuan). | C23: Sheet Data, kolom I (Biaya Admin), baris 2 sampai 46 | D23: =ROUND(G2*VLOOKUP(C2;Acuan!$A$2:$B$5;2;FALSE);0)
A24: 4 | B24: Hitung penjualan bersih: omzet dikurangi biaya admin. | C24: Sheet Data, kolom J (Penjualan Bersih), baris 2 sampai 46 | D24: =G2-I2
A25: 5 | B25: Berapa total omzet, total biaya admin, dan total penjualan bersih triwulan ini? | C25: Sheet Ringkasan, sel C4 sampai C6 | D25: =SUM(Data!$G$2:$G$46) =SUM(Data!$I$2:$I$46) =SUM(Data!$J$2:$J$46)
A26: 6 | B26: Berapa penjualan bersih tiap bulan: Juli, Agustus, dan September? | C26: Sheet Ringkasan, sel C7 sampai C9 | D26: =SUMIF(Data!$H$2:$H$46;7;Data!$J$2:$J$46) =SUMIF(Data!$H$2:$H$46;8;Data!$J$2:$J$46) =SUMIF(Data!$H$2:$H$46;9;Data!$J$2:$J$46)
A27: 7 | B27: Pada sheet Acuan, hitung jumlah pesanan tiap platform. | C27: Sheet Acuan, kolom C (Jumlah Pesanan), baris 2 sampai 5 | D27: =COUNTIF(Data!$C$2:$C$46;A2)
A28: 8 | B28: Pada sheet Acuan, hitung penjualan bersih tiap platform. | C28: Sheet Acuan, kolom D (Penjualan Bersih), baris 2 sampai 5 | D28: =SUMIF(Data!$C$2:$C$46;A2;Data!$J$2:$J$46)
A29: 9 | B29: Platform mana yang menyumbang penjualan bersih terbesar? | C29: Sheet Ringkasan, sel C10 | D29: =INDEX(Acuan!$A$2:$A$5;MATCH(MAX(Acuan!$D$2:$D$5);Acuan!$D$2:$D$5;0))
A30: 10 | B30: Berapa rata-rata omzet per pesanan? | C30: Sheet Ringkasan, sel C11 | D30: =AVERAGE(Data!$G$2:$G$46)
A31: 11 | B31: Berapa pesanan yang omzetnya Rp 1.000.000 atau lebih? | C31: Sheet Ringkasan, sel C12 | D31: =COUNTIF(Data!$G$2:$G$46;">=1000000")

Sheet Data
A1: No | B1: Tanggal | C1: Platform | D1: Produk | E1: Jumlah | F1: Harga Satuan | G1: Omzet | H1: Bulan | I1: Biaya Admin | J1: Penjualan Bersih
A2: 1 | B2: 46206 | C2: Website Sendiri | D2: Kaos Polos | E2: 4 | F2: 65000 | G2: =E2*F2 -> 260000 | H2: =MONTH(B2) -> 7 | I2: =ROUND(G2*VLOOKUP(C2,Acuan!$A$2:$B$5,2,FALSE()),0) -> 0 | J2: =G2-I2 -> 260000
A3: 2 | B3: 46207 | C3: Marketplace C | D3: Kaos Polos | E3: 3 | F3: 65000 | G3: =E3*F3 -> 195000 | H3: =MONTH(B3) -> 7 | I3: =ROUND(G3*VLOOKUP(C3,Acuan!$A$2:$B$5,2,FALSE()),0) -> 7800 | J3: =G3-I3 -> 187200
A4: 3 | B4: 46208 | C4: Marketplace A | D4: Jam Tangan Digital | E4: 2 | F4: 275000 | G4: =E4*F4 -> 550000 | H4: =MONTH(B4) -> 7 | I4: =ROUND(G4*VLOOKUP(C4,Acuan!$A$2:$B$5,2,FALSE()),0) -> 33000 | J4: =G4-I4 -> 517000
A5: 4 | B5: 46213 | C5: Website Sendiri | D5: Tas Ransel Kanvas | E5: 7 | F5: 185000 | G5: =E5*F5 -> 1295000 | H5: =MONTH(B5) -> 7 | I5: =ROUND(G5*VLOOKUP(C5,Acuan!$A$2:$B$5,2,FALSE()),0) -> 0 | J5: =G5-I5 -> 1295000
A6: 5 | B6: 46213 | C6: Marketplace B | D6: Topi Baseball | E6: 6 | F6: 55000 | G6: =E6*F6 -> 330000 | H6: =MONTH(B6) -> 7 | I6: =ROUND(G6*VLOOKUP(C6,Acuan!$A$2:$B$5,2,FALSE()),0) -> 16500 | J6: =G6-I6 -> 313500
A7: 6 | B7: 46214 | C7: Marketplace A | D7: Topi Baseball | E7: 5 | F7: 55000 | G7: =E7*F7 -> 275000 | H7: =MONTH(B7) -> 7 | I7: =ROUND(G7*VLOOKUP(C7,Acuan!$A$2:$B$5,2,FALSE()),0) -> 16500 | J7: =G7-I7 -> 258500
A8: 7 | B8: 46217 | C8: Marketplace C | D8: Jam Tangan Digital | E8: 1 | F8: 275000 | G8: =E8*F8 -> 275000 | H8: =MONTH(B8) -> 7 | I8: =ROUND(G8*VLOOKUP(C8,Acuan!$A$2:$B$5,2,FALSE()),0) -> 11000 | J8: =G8-I8 -> 264000
A9: 8 | B9: 46218 | C9: Marketplace A | D9: Sepatu Sneakers | E9: 7 | F9: 350000 | G9: =E9*F9 -> 2450000 | H9: =MONTH(B9) -> 7 | I9: =ROUND(G9*VLOOKUP(C9,Acuan!$A$2:$B$5,2,FALSE()),0) -> 147000 | J9: =G9-I9 -> 2303000
A10: 9 | B10: 46218 | C10: Marketplace B | D10: Sepatu Sneakers | E10: 1 | F10: 350000 | G10: =E10*F10 -> 350000 | H10: =MONTH(B10) -> 7 | I10: =ROUND(G10*VLOOKUP(C10,Acuan!$A$2:$B$5,2,FALSE()),0) -> 17500 | J10: =G10-I10 -> 332500
A11: 10 | B11: 46220 | C11: Marketplace B | D11: Jaket Hoodie | E11: 1 | F11: 220000 | G11: =E11*F11 -> 220000 | H11: =MONTH(B11) -> 7 | I11: =ROUND(G11*VLOOKUP(C11,Acuan!$A$2:$B$5,2,FALSE()),0) -> 11000 | J11: =G11-I11 -> 209000
A12: 11 | B12: 46223 | C12: Marketplace A | D12: Kacamata Fashion | E12: 2 | F12: 95000 | G12: =E12*F12 -> 190000 | H12: =MONTH(B12) -> 7 | I12: =ROUND(G12*VLOOKUP(C12,Acuan!$A$2:$B$5,2,FALSE()),0) -> 11400 | J12: =G12-I12 -> 178600
A13: 12 | B13: 46223 | C13: Marketplace B | D13: Kacamata Fashion | E13: 4 | F13: 95000 | G13: =E13*F13 -> 380000 | H13: =MONTH(B13) -> 7 | I13: =ROUND(G13*VLOOKUP(C13,Acuan!$A$2:$B$5,2,FALSE()),0) -> 19000 | J13: =G13-I13 -> 361000
... A46: 45 | B46: 46295 | C46: Marketplace C | D46: Topi Baseball | E46: 3 | F46: 55000 | G46: =E46*F46 -> 165000 | H46: =MONTH(B46) -> 9 | I46: =ROUND(G46*VLOOKUP(C46,Acuan!$A$2:$B$5,2,FALSE()),0) -> 6600 | J46: =G46-I46 -> 158400

Sheet Acuan
A1: Platform | B1: Biaya Admin | C1: Jumlah Pesanan | D1: Penjualan Bersih
A2: Marketplace A | B2: 0.06 | C2: =COUNTIF(Data!$C$2:$C$46,A2) -> 14 | D2: =SUMIF(Data!$C$2:$C$46,A2,Data!$J$2:$J$46) -> 9555100
A3: Marketplace B | B3: 0.05 | C3: =COUNTIF(Data!$C$2:$C$46,A3) -> 10 | D3: =SUMIF(Data!$C$2:$C$46,A3,Data!$J$2:$J$46) -> 2888000
A4: Marketplace C | B4: 0.04 | C4: =COUNTIF(Data!$C$2:$C$46,A4) -> 11 | D4: =SUMIF(Data!$C$2:$C$46,A4,Data!$J$2:$J$46) -> 7190400
A5: Website Sendiri | B5: 0 | C5: =COUNTIF(Data!$C$2:$C$46,A5) -> 10 | D5: =SUMIF(Data!$C$2:$C$46,A5,Data!$J$2:$J$46) -> 13640000

Sheet Ringkasan
A1: Ringkasan: lembar jawaban soal berjenis ringkasan
A2: Sel hijau berisi rumus kunci.
A3: No | B3: Pertanyaan | C3: Jawaban | D3: Contoh format hasil
A4: 5a | B4: Total omzet | C4: =SUM(Data!$G$2:$G$46) -> 34335000 | D4: Rupiah, mis. Rp 45.000.000
A5: 5b | B5: Total biaya admin | C5: =SUM(Data!$I$2:$I$46) -> 1061500 | D5: Rupiah, mis. Rp 45.000.000
A6: 5c | B6: Total penjualan bersih | C6: =SUM(Data!$J$2:$J$46) -> 33273500 | D6: Rupiah, mis. Rp 45.000.000
A7: 6a | B7: Penjualan bersih bulan Juli | C7: =SUMIF(Data!$H$2:$H$46,7,Data!$J$2:$J$46) -> 10736100 | D7: Rupiah, mis. Rp 15.000.000
A8: 6b | B8: Penjualan bersih bulan Agustus | C8: =SUMIF(Data!$H$2:$H$46,8,Data!$J$2:$J$46) -> 9507050 | D8: Rupiah, mis. Rp 15.000.000
A9: 6c | B9: Penjualan bersih bulan September | C9: =SUMIF(Data!$H$2:$H$46,9,Data!$J$2:$J$46) -> 13030350 | D9: Rupiah, mis. Rp 15.000.000
A10: 9 | B10: Platform dengan penjualan bersih terbesar | C10: =INDEX(Acuan!$A$2:$A$5,MATCH(MAX(Acuan!$D$2:$D$5),Acuan!$D$2:$D$5,0)) -> Website Sendiri | D10: Teks: nama platform
A11: 10 | B11: Rata-rata omzet per pesanan | C11: =AVERAGE(Data!$G$2:$G$46) -> 763000 | D11: Rupiah, mis. Rp 1.000.000
A12: 11 | B12: Jumlah pesanan beromzet Rp 1.000.000 atau lebih | C12: =COUNTIF(Data!$G$2:$G$46,">=1000000") -> 12 | D12: Angka bulat, mis. 14
