Workbook

Sheet Petunjuk
A1: Kunci Jawaban: Pinjaman Karyawan dan Cicilan Bulanan
A2: Latihan 23 dari 24 | Tingkat: Lanjutan | Perkiraan waktu: 60 menit | pushexcel.github.io/Pushexcel
A4: Skenario
A5: Kamu admin koperasi karyawan PT Surya Mandiri. Ada 24 pengajuan pinjaman. Bunga pinjaman 12 persen per tahun dengan cicilan tetap bulanan. Pengajuan disetujui bila cicilan tidak lebih dari 30 persen gaji pemohon.
A7: Cara memakai kunci
A8: 1. | B8: Sel hijau berisi rumus kunci yang sudah dihitung. Klik sel untuk melihat rumusnya.
A9: 2. | B9: Kolom Rumus kunci di bawah menampilkan rumus untuk baris pertama atau tiap sel jawaban.
A10: 3. | B10: Rumus ditulis dengan titik koma (;). Ganti dengan koma (,) bila Excel kamu berbahasa Inggris.
A11: 4. | B11: Jawaban lain yang benar secara logika juga boleh, selama hasilnya sama.
A13: Arti warna
B14: Judul kolom data yang sudah diberikan
B15: Judul kolom hasil hitung
B16: Sel berisi rumus kunci
B17: Angka berwarna biru pada blok Parameter = nilai tetap yang boleh dirujuk
A19: Daftar soal
A20: No | B20: Soal | C20: Jawab di | D20: Rumus kunci
A21: 1 | B21: Hitung cicilan tetap per bulan memakai fungsi PMT. Bunga per bulan = bunga tahunan dibagi 12. Buat hasilnya positif dan bulatkan ke rupiah. | C21: Sheet Data, kolom F (Cicilan per Bulan), baris 2 sampai 25 | D21: =ROUND(-PMT($M$2/12;E2;D2);0)
A22: 2 | B22: Hitung total yang dibayar sampai lunas: cicilan dikali tenor. | C22: Sheet Data, kolom G (Total Dibayar), baris 2 sampai 25 | D22: =F2*E2
A23: 3 | B23: Hitung total bunga: total dibayar dikurangi jumlah pinjaman. | C23: Sheet Data, kolom H (Total Bunga), baris 2 sampai 25 | D23: =G2-D2
A24: 4 | B24: Hitung rasio cicilan terhadap gaji bulanan. | C24: Sheet Data, kolom I (Cicilan / Gaji), baris 2 sampai 25 | D24: =F2/C2
A25: 5 | B25: Setujui bila cicilan sama dengan atau di bawah gaji dikali batas rasio. Selain itu Ditolak. | C25: Sheet Data, kolom J (Keputusan), baris 2 sampai 25 | D25: =IF(F2<=C2*$M$3;"Disetujui";"Ditolak")
A26: 6 | B26: Berapa total jumlah pinjaman yang diajukan, dan berapa total bunga seluruh pengajuan? | C26: Sheet Ringkasan, sel C4 sampai C5 | D26: =SUM(Data!$D$2:$D$25) =SUM(Data!$H$2:$H$25)
A27: 7 | B27: Berapa pengajuan yang Disetujui, dan berapa yang Ditolak? | C27: Sheet Ringkasan, sel C6 sampai C7 | D27: =COUNTIF(Data!$J$2:$J$25;"Disetujui") =COUNTIF(Data!$J$2:$J$25;"Ditolak")
A28: 8 | B28: Berapa total pinjaman yang disetujui, dan berapa total cicilan bulanan yang akan diterima koperasi dari pinjaman itu? | C28: Sheet Ringkasan, sel C8 sampai C9 | D28: =SUMIF(Data!$J$2:$J$25;"Disetujui";Data!$D$2:$D$25) =SUMIF(Data!$J$2:$J$25;"Disetujui";Data!$F$2:$F$25)
A29: 9 | B29: Berapa rata-rata rasio cicilan terhadap gaji dari seluruh pengajuan? | C29: Sheet Ringkasan, sel C10 | D29: =AVERAGE(Data!$I$2:$I$25)
A30: 10 | B30: Siapa pemohon dengan cicilan per bulan terbesar? | C30: Sheet Ringkasan, sel C11 | D30: =INDEX(Data!$B$2:$B$25;MATCH(MAX(Data!$F$2:$F$25);Data!$F$2:$F$25;0))

Sheet Data
A1: No | B1: Nama Karyawan | C1: Gaji Bulanan | D1: Jumlah Pinjaman | E1: Tenor (bulan) | F1: Cicilan per Bulan | G1: Total Dibayar | H1: Total Bunga | I1: Cicilan / Gaji | J1: Keputusan | L1: Parameter | M1: Nilai | N1: Keterangan
A2: 1 | B2: Vina Handayani | C2: 8500000 | D2: 8000000 | E2: 6 | F2: =ROUND(-PMT($M$2/12,E2,D2),0) -> 1380387 | G2: =F2*E2 -> 8282322 | H2: =G2-D2 -> 282322 | I2: =F2/C2 -> 0.16239847 | J2: =IF(F2<=C2*$M$3,"Disetujui","Ditolak") -> Disetujui | L2: Bunga per tahun | M2: 0.12
A3: 2 | B3: Umar Firmansyah | C3: 12500000 | D3: 29000000 | E3: 24 | F3: =ROUND(-PMT($M$2/12,E3,D3),0) -> 1365131 | G3: =F3*E3 -> 32763144 | H3: =G3-D3 -> 3763144 | I3: =F3/C3 -> 0.10921048 | J3: =IF(F3<=C3*$M$3,"Disetujui","Ditolak") -> Disetujui | L3: Batas cicilan terhadap gaji | M3: 0.3 | N3: Cicilan sama dengan atau di bawah persen ini dari gaji = Disetujui
A4: 3 | B4: Ayu Pratama | C4: 8500000 | D4: 37000000 | E4: 36 | F4: =ROUND(-PMT($M$2/12,E4,D4),0) -> 1228929 | G4: =F4*E4 -> 44241444 | H4: =G4-D4 -> 7241444 | I4: =F4/C4 -> 0.14457988 | J4: =IF(F4<=C4*$M$3,"Disetujui","Ditolak") -> Disetujui
A5: 4 | B5: Mulyadi Pratama | C5: 14000000 | D5: 15000000 | E5: 12 | F5: =ROUND(-PMT($M$2/12,E5,D5),0) -> 1332732 | G5: =F5*E5 -> 15992784 | H5: =G5-D5 -> 992784 | I5: =F5/C5 -> 0.095195143 | J5: =IF(F5<=C5*$M$3,"Disetujui","Ditolak") -> Disetujui
A6: 5 | B6: Edi Rahayu | C6: 5000000 | D6: 57000000 | E6: 36 | F6: =ROUND(-PMT($M$2/12,E6,D6),0) -> 1893216 | G6: =F6*E6 -> 68155776 | H6: =G6-D6 -> 11155776 | I6: =F6/C6 -> 0.3786432 | J6: =IF(F6<=C6*$M$3,"Disetujui","Ditolak") -> Ditolak
A7: 6 | B7: Ratna Anggraini | C7: 6000000 | D7: 37000000 | E7: 24 | F7: =ROUND(-PMT($M$2/12,E7,D7),0) -> 1741718 | G7: =F7*E7 -> 41801232 | H7: =G7-D7 -> 4801232 | I7: =F7/C7 -> 0.29028633 | J7: =IF(F7<=C7*$M$3,"Disetujui","Ditolak") -> Disetujui
A8: 7 | B8: Sari Susanto | C8: 8000000 | D8: 56000000 | E8: 24 | F8: =ROUND(-PMT($M$2/12,E8,D8),0) -> 2636114 | G8: =F8*E8 -> 63266736 | H8: =G8-D8 -> 7266736 | I8: =F8/C8 -> 0.32951425 | J8: =IF(F8<=C8*$M$3,"Disetujui","Ditolak") -> Ditolak
A9: 8 | B9: Dewi Handayani | C9: 9000000 | D9: 50000000 | E9: 18 | F9: =ROUND(-PMT($M$2/12,E9,D9),0) -> 3049102 | G9: =F9*E9 -> 54883836 | H9: =G9-D9 -> 4883836 | I9: =F9/C9 -> 0.33878911 | J9: =IF(F9<=C9*$M$3,"Disetujui","Ditolak") -> Ditolak
A10: 9 | B10: Rahmat Anggraini | C10: 5000000 | D10: 17000000 | E10: 18 | F10: =ROUND(-PMT($M$2/12,E10,D10),0) -> 1036695 | G10: =F10*E10 -> 18660510 | H10: =G10-D10 -> 1660510 | I10: =F10/C10 -> 0.207339 | J10: =IF(F10<=C10*$M$3,"Disetujui","Ditolak") -> Disetujui
A11: 10 | B11: Tika Kurniawan | C11: 4500000 | D11: 57000000 | E11: 6 | F11: =ROUND(-PMT($M$2/12,E11,D11),0) -> 9835257 | G11: =F11*E11 -> 59011542 | H11: =G11-D11 -> 2011542 | I11: =F11/C11 -> 2.1856127 | J11: =IF(F11<=C11*$M$3,"Disetujui","Ditolak") -> Ditolak
A12: 11 | B12: Yanti Firmansyah | C12: 11000000 | D12: 53000000 | E12: 36 | F12: =ROUND(-PMT($M$2/12,E12,D12),0) -> 1760358 | G12: =F12*E12 -> 63372888 | H12: =G12-D12 -> 10372888 | I12: =F12/C12 -> 0.16003255 | J12: =IF(F12<=C12*$M$3,"Disetujui","Ditolak") -> Disetujui
A13: 12 | B13: Ahmad Firmansyah | C13: 8500000 | D13: 36000000 | E13: 18 | F13: =ROUND(-PMT($M$2/12,E13,D13),0) -> 2195354 | G13: =F13*E13 -> 39516372 | H13: =G13-D13 -> 3516372 | I13: =F13/C13 -> 0.25827694 | J13: =IF(F13<=C13*$M$3,"Disetujui","Ditolak") -> Disetujui
A14: 13 | B14: Bayu Susanto | C14: 9500000 | D14: 58000000 | E14: 12 | F14: =ROUND(-PMT($M$2/12,E14,D14),0) -> 5153230 | G14: =F14*E14 -> 61838760 | H14: =G14-D14 -> 3838760 | I14: =F14/C14 -> 0.54244526 | J14: =IF(F14<=C14*$M$3,"Disetujui","Ditolak") -> Ditolak
A15: 14 | B15: Dimas Anggraini | C15: 11000000 | D15: 7000000 | E15: 24 | F15: =ROUND(-PMT($M$2/12,E15,D15),0) -> 329514 | G15: =F15*E15 -> 7908336 | H15: =G15-D15 -> 908336 | I15: =F15/C15 -> 0.029955818 | J15: =IF(F15<=C15*$M$3,"Disetujui","Ditolak") -> Disetujui
... A25: 24 | B25: Fitri Saputra | C25: 9000000 | D25: 47000000 | E25: 36 | F25: =ROUND(-PMT($M$2/12,E25,D25),0) -> 1561073 | G25: =F25*E25 -> 56198628 | H25: =G25-D25 -> 9198628 | I25: =F25/C25 -> 0.17345256 | J25: =IF(F25<=C25*$M$3,"Disetujui","Ditolak") -> Disetujui

Sheet Ringkasan
A1: Ringkasan: lembar jawaban soal berjenis ringkasan
A2: Sel hijau berisi rumus kunci.
A3: No | B3: Pertanyaan | C3: Jawaban | D3: Contoh format hasil
A4: 6a | B4: Total jumlah pinjaman yang diajukan | C4: =SUM(Data!$D$2:$D$25) -> 790000000 | D4: Rupiah, mis. Rp 800.000.000
A5: 6b | B5: Total bunga seluruh pengajuan | C5: =SUM(Data!$H$2:$H$25) -> 100236704 | D5: Rupiah, mis. Rp 800.000.000
A6: 7a | B6: Jumlah pengajuan disetujui | C6: =COUNTIF(Data!$J$2:$J$25,"Disetujui") -> 17 | D6: Angka bulat, mis. 17
A7: 7b | B7: Jumlah pengajuan ditolak | C7: =COUNTIF(Data!$J$2:$J$25,"Ditolak") -> 7 | D7: Angka bulat, mis. 17
A8: 8a | B8: Total pinjaman yang disetujui | C8: =SUMIF(Data!$J$2:$J$25,"Disetujui",Data!$D$2:$D$25) -> 474000000 | D8: Rupiah, mis. Rp 600.000.000
A9: 8b | B9: Total cicilan bulanan dari pinjaman disetujui | C9: =SUMIF(Data!$J$2:$J$25,"Disetujui",Data!$F$2:$F$25) -> 22855300 | D9: Rupiah, mis. Rp 600.000.000
A10: 9 | B10: Rata-rata rasio cicilan terhadap gaji | C10: =AVERAGE(Data!$I$2:$I$25) -> 0.31272147 | D10: Persen, mis. 24,5%
A11: 10 | B11: Pemohon dengan cicilan terbesar | C11: =INDEX(Data!$B$2:$B$25,MATCH(MAX(Data!$F$2:$F$25),Data!$F$2:$F$25,0)) -> Tika Kurniawan | D11: Teks: nama karyawan
