Workbook

Sheet Petunjuk
A1: Kunci Jawaban: Reservasi Penginapan dan Tagihan Tamu
A2: Latihan 22 dari 24 | Tingkat: Menengah | Perkiraan waktu: 50 menit | pushexcel.github.io/Pushexcel
A4: Skenario
A5: Kamu resepsionis di Penginapan Melati Indah. Untuk November dan Desember 2026 ada 30 reservasi. Tarif per malam bergantung tipe kamar (sheet Acuan). Tamu yang menginap 3 malam atau lebih mendapat diskon 10 persen, lalu dikenakan pajak 10 persen dari harga setelah diskon.
A7: Cara memakai kunci
A8: 1. | B8: Sel hijau berisi rumus kunci yang sudah dihitung. Klik sel untuk melihat rumusnya.
A9: 2. | B9: Kolom Rumus kunci di bawah menampilkan rumus untuk baris pertama atau tiap sel jawaban.
A10: 3. | B10: Rumus ditulis dengan titik koma (;). Ganti dengan koma (,) bila Excel kamu berbahasa Inggris.
A11: 4. | B11: Jawaban lain yang benar secara logika juga boleh, selama hasilnya sama.
A13: Arti warna
B14: Judul kolom data yang sudah diberikan
B15: Judul kolom hasil hitung
B16: Sel berisi rumus kunci
B17: Angka berwarna biru pada blok Parameter = nilai tetap yang boleh dirujuk
A19: Daftar soal
A20: No | B20: Soal | C20: Jawab di | D20: Rumus kunci
A21: 1 | B21: Hitung lama menginap dalam malam: tanggal check-out dikurangi check-in. | C21: Sheet Data, kolom F (Lama (malam)), baris 2 sampai 31 | D21: =E2-D2
A22: 2 | B22: Ambil tarif per malam dari tabel tipe kamar di sheet Acuan. | C22: Sheet Data, kolom G (Tarif per Malam), baris 2 sampai 31 | D22: =VLOOKUP(C2;Acuan!$A$2:$B$4;2;FALSE)
A23: 3 | B23: Hitung biaya kamar: lama menginap dikali tarif per malam. | C23: Sheet Data, kolom H (Biaya Kamar), baris 2 sampai 31 | D23: =F2*G2
A24: 4 | B24: Beri diskon bila lama menginap sama dengan atau lebih dari minimal malam: biaya kamar dikali persen diskon. Selain itu 0. | C24: Sheet Data, kolom I (Diskon), baris 2 sampai 31 | D24: =IF(F2>=$O$2;ROUND(H2*$O$3;0);0)
A25: 5 | B25: Hitung pajak: (biaya kamar dikurangi diskon) dikali persen pajak. | C25: Sheet Data, kolom J (Pajak), baris 2 sampai 31 | D25: =ROUND((H2-I2)*$O$4;0)
A26: 6 | B26: Hitung total tagihan: biaya kamar dikurangi diskon, ditambah pajak. | C26: Sheet Data, kolom K (Total Tagihan), baris 2 sampai 31 | D26: =H2-I2+J2
A27: 7 | B27: Tuliskan nama hari check-in dalam bahasa Indonesia. | C27: Sheet Data, kolom L (Hari Check-in), baris 2 sampai 31 | D27: =CHOOSE(WEEKDAY(D2;2);"Senin";"Selasa";"Rabu";"Kamis";"Jumat";"Sabtu";"Minggu")
A28: 8 | B28: Berapa total pendapatan dari seluruh tagihan, dan berapa total pajak yang dipungut? | C28: Sheet Ringkasan, sel C4 sampai C5 | D28: =SUM(Data!$K$2:$K$31) =SUM(Data!$J$2:$J$31)
A29: 9 | B29: Berapa reservasi yang mendapat diskon? | C29: Sheet Ringkasan, sel C6 | D29: =COUNTIF(Data!$I$2:$I$31;">0")
A30: 10 | B30: Berapa rata-rata lama menginap (malam)? | C30: Sheet Ringkasan, sel C7 | D30: =AVERAGE(Data!$F$2:$F$31)
A31: 11 | B31: Berapa reservasi yang check-in pada hari Jumat? | C31: Sheet Ringkasan, sel C8 | D31: =COUNTIF(Data!$L$2:$L$31;"Jumat")
... A34: 14 | B34: Tipe kamar mana yang menghasilkan pendapatan terbesar? | C34: Sheet Ringkasan, sel C9 | D34: =INDEX(Acuan!$A$2:$A$4;MATCH(MAX(Acuan!$D$2:$D$4);Acuan!$D$2:$D$4;0))

Sheet Data
A1: No | B1: Nama Tamu | C1: Tipe Kamar | D1: Check-in | E1: Check-out | F1: Lama (malam) | G1: Tarif per Malam | H1: Biaya Kamar | I1: Diskon | J1: Pajak | K1: Total Tagihan | L1: Hari Check-in | N1: Parameter | O1: Nilai | P1: Keterangan
A2: 1 | B2: Ahmad Kurniawan | C2: Standard | D2: 46327 | E2: 46329 | F2: =E2-D2 -> 2 | G2: =VLOOKUP(C2,Acuan!$A$2:$B$4,2,FALSE()) -> 400000 | H2: =F2*G2 -> 800000 | I2: =IF(F2>=$O$2,ROUND(H2*$O$3,0),0) -> 0 | J2: =ROUND((H2-I2)*$O$4,0) -> 80000 | K2: =H2-I2+J2 -> 880000 | L2: =CHOOSE(WEEKDAY(D2,2),"Senin","Selasa","Rabu","Kamis","Jumat","Sabtu","Minggu") -> Minggu | N2: Minimal malam untuk diskon | O2: 3 | P2: Sama dengan atau lebih dari angka ini
A3: 2 | B3: Gunawan Ramadhan | C3: Suite | D3: 46334 | E3: 46336 | F3: =E3-D3 -> 2 | G3: =VLOOKUP(C3,Acuan!$A$2:$B$4,2,FALSE()) -> 1200000 | H3: =F3*G3 -> 2400000 | I3: =IF(F3>=$O$2,ROUND(H3*$O$3,0),0) -> 0 | J3: =ROUND((H3-I3)*$O$4,0) -> 240000 | K3: =H3-I3+J3 -> 2640000 | L3: =CHOOSE(WEEKDAY(D3,2),"Senin","Selasa","Rabu","Kamis","Jumat","Sabtu","Minggu") -> Minggu | N3: Diskon | O3: 0.1 | P3: Persen dari biaya kamar
A4: 3 | B4: Umar Wibowo | C4: Standard | D4: 46339 | E4: 46344 | F4: =E4-D4 -> 5 | G4: =VLOOKUP(C4,Acuan!$A$2:$B$4,2,FALSE()) -> 400000 | H4: =F4*G4 -> 2000000 | I4: =IF(F4>=$O$2,ROUND(H4*$O$3,0),0) -> 200000 | J4: =ROUND((H4-I4)*$O$4,0) -> 180000 | K4: =H4-I4+J4 -> 1980000 | L4: =CHOOSE(WEEKDAY(D4,2),"Senin","Selasa","Rabu","Kamis","Jumat","Sabtu","Minggu") -> Jumat | N4: Pajak | O4: 0.1 | P4: Persen dari biaya setelah diskon
A5: 4 | B5: Bayu Ramadhan | C5: Deluxe | D5: 46340 | E5: 46345 | F5: =E5-D5 -> 5 | G5: =VLOOKUP(C5,Acuan!$A$2:$B$4,2,FALSE()) -> 650000 | H5: =F5*G5 -> 3250000 | I5: =IF(F5>=$O$2,ROUND(H5*$O$3,0),0) -> 325000 | J5: =ROUND((H5-I5)*$O$4,0) -> 292500 | K5: =H5-I5+J5 -> 3217500 | L5: =CHOOSE(WEEKDAY(D5,2),"Senin","Selasa","Rabu","Kamis","Jumat","Sabtu","Minggu") -> Sabtu
A6: 5 | B6: Hana Nugroho | C6: Standard | D6: 46342 | E6: 46345 | F6: =E6-D6 -> 3 | G6: =VLOOKUP(C6,Acuan!$A$2:$B$4,2,FALSE()) -> 400000 | H6: =F6*G6 -> 1200000 | I6: =IF(F6>=$O$2,ROUND(H6*$O$3,0),0) -> 120000 | J6: =ROUND((H6-I6)*$O$4,0) -> 108000 | K6: =H6-I6+J6 -> 1188000 | L6: =CHOOSE(WEEKDAY(D6,2),"Senin","Selasa","Rabu","Kamis","Jumat","Sabtu","Minggu") -> Senin
A7: 6 | B7: Rani Handayani | C7: Suite | D7: 46344 | E7: 46348 | F7: =E7-D7 -> 4 | G7: =VLOOKUP(C7,Acuan!$A$2:$B$4,2,FALSE()) -> 1200000 | H7: =F7*G7 -> 4800000 | I7: =IF(F7>=$O$2,ROUND(H7*$O$3,0),0) -> 480000 | J7: =ROUND((H7-I7)*$O$4,0) -> 432000 | K7: =H7-I7+J7 -> 4752000 | L7: =CHOOSE(WEEKDAY(D7,2),"Senin","Selasa","Rabu","Kamis","Jumat","Sabtu","Minggu") -> Rabu
A8: 7 | B8: Maya Nugroho | C8: Standard | D8: 46347 | E8: 46348 | F8: =E8-D8 -> 1 | G8: =VLOOKUP(C8,Acuan!$A$2:$B$4,2,FALSE()) -> 400000 | H8: =F8*G8 -> 400000 | I8: =IF(F8>=$O$2,ROUND(H8*$O$3,0),0) -> 0 | J8: =ROUND((H8-I8)*$O$4,0) -> 40000 | K8: =H8-I8+J8 -> 440000 | L8: =CHOOSE(WEEKDAY(D8,2),"Senin","Selasa","Rabu","Kamis","Jumat","Sabtu","Minggu") -> Sabtu
A9: 8 | B9: Joko Ramadhan | C9: Deluxe | D9: 46348 | E9: 46349 | F9: =E9-D9 -> 1 | G9: =VLOOKUP(C9,Acuan!$A$2:$B$4,2,FALSE()) -> 650000 | H9: =F9*G9 -> 650000 | I9: =IF(F9>=$O$2,ROUND(H9*$O$3,0),0) -> 0 | J9: =ROUND((H9-I9)*$O$4,0) -> 65000 | K9: =H9-I9+J9 -> 715000 | L9: =CHOOSE(WEEKDAY(D9,2),"Senin","Selasa","Rabu","Kamis","Jumat","Sabtu","Minggu") -> Minggu
A10: 9 | B10: Vina Syahputra | C10: Deluxe | D10: 46348 | E10: 46350 | F10: =E10-D10 -> 2 | G10: =VLOOKUP(C10,Acuan!$A$2:$B$4,2,FALSE()) -> 650000 | H10: =F10*G10 -> 1300000 | I10: =IF(F10>=$O$2,ROUND(H10*$O$3,0),0) -> 0 | J10: =ROUND((H10-I10)*$O$4,0) -> 130000 | K10: =H10-I10+J10 -> 1430000 | L10: =CHOOSE(WEEKDAY(D10,2),"Senin","Selasa","Rabu","Kamis","Jumat","Sabtu","Minggu") -> Minggu
A11: 10 | B11: Lia Syahputra | C11: Standard | D11: 46348 | E11: 46354 | F11: =E11-D11 -> 6 | G11: =VLOOKUP(C11,Acuan!$A$2:$B$4,2,FALSE()) -> 400000 | H11: =F11*G11 -> 2400000 | I11: =IF(F11>=$O$2,ROUND(H11*$O$3,0),0) -> 240000 | J11: =ROUND((H11-I11)*$O$4,0) -> 216000 | K11: =H11-I11+J11 -> 2376000 | L11: =CHOOSE(WEEKDAY(D11,2),"Senin","Selasa","Rabu","Kamis","Jumat","Sabtu","Minggu") -> Minggu
A12: 11 | B12: Sinta Susanto | C12: Deluxe | D12: 46349 | E12: 46351 | F12: =E12-D12 -> 2 | G12: =VLOOKUP(C12,Acuan!$A$2:$B$4,2,FALSE()) -> 650000 | H12: =F12*G12 -> 1300000 | I12: =IF(F12>=$O$2,ROUND(H12*$O$3,0),0) -> 0 | J12: =ROUND((H12-I12)*$O$4,0) -> 130000 | K12: =H12-I12+J12 -> 1430000 | L12: =CHOOSE(WEEKDAY(D12,2),"Senin","Selasa","Rabu","Kamis","Jumat","Sabtu","Minggu") -> Senin
A13: 12 | B13: Tika Maulana | C13: Standard | D13: 46350 | E13: 46352 | F13: =E13-D13 -> 2 | G13: =VLOOKUP(C13,Acuan!$A$2:$B$4,2,FALSE()) -> 400000 | H13: =F13*G13 -> 800000 | I13: =IF(F13>=$O$2,ROUND(H13*$O$3,0),0) -> 0 | J13: =ROUND((H13-I13)*$O$4,0) -> 80000 | K13: =H13-I13+J13 -> 880000 | L13: =CHOOSE(WEEKDAY(D13,2),"Senin","Selasa","Rabu","Kamis","Jumat","Sabtu","Minggu") -> Selasa
A14: 13 | B14: Bayu Wijaya | C14: Standard | D14: 46353 | E14: 46355 | F14: =E14-D14 -> 2 | G14: =VLOOKUP(C14,Acuan!$A$2:$B$4,2,FALSE()) -> 400000 | H14: =F14*G14 -> 800000 | I14: =IF(F14>=$O$2,ROUND(H14*$O$3,0),0) -> 0 | J14: =ROUND((H14-I14)*$O$4,0) -> 80000 | K14: =H14-I14+J14 -> 880000 | L14: =CHOOSE(WEEKDAY(D14,2),"Senin","Selasa","Rabu","Kamis","Jumat","Sabtu","Minggu") -> Jumat
A15: 14 | B15: Indra Handayani | C15: Standard | D15: 46354 | E15: 46360 | F15: =E15-D15 -> 6 | G15: =VLOOKUP(C15,Acuan!$A$2:$B$4,2,FALSE()) -> 400000 | H15: =F15*G15 -> 2400000 | I15: =IF(F15>=$O$2,ROUND(H15*$O$3,0),0) -> 240000 | J15: =ROUND((H15-I15)*$O$4,0) -> 216000 | K15: =H15-I15+J15 -> 2376000 | L15: =CHOOSE(WEEKDAY(D15,2),"Senin","Selasa","Rabu","Kamis","Jumat","Sabtu","Minggu") -> Sabtu
A16: 15 | B16: Joko Nugroho | C16: Suite | D16: 46355 | E16: 46358 | F16: =E16-D16 -> 3 | G16: =VLOOKUP(C16,Acuan!$A$2:$B$4,2,FALSE()) -> 1200000 | H16: =F16*G16 -> 3600000 | I16: =IF(F16>=$O$2,ROUND(H16*$O$3,0),0) -> 360000 | J16: =ROUND((H16-I16)*$O$4,0) -> 324000 | K16: =H16-I16+J16 -> 3564000 | L16: =CHOOSE(WEEKDAY(D16,2),"Senin","Selasa","Rabu","Kamis","Jumat","Sabtu","Minggu") -> Minggu
... A31: 30 | B31: Fajar Saputra | C31: Suite | D31: 46375 | E31: 46377 | F31: =E31-D31 -> 2 | G31: =VLOOKUP(C31,Acuan!$A$2:$B$4,2,FALSE()) -> 1200000 | H31: =F31*G31 -> 2400000 | I31: =IF(F31>=$O$2,ROUND(H31*$O$3,0),0) -> 0 | J31: =ROUND((H31-I31)*$O$4,0) -> 240000 | K31: =H31-I31+J31 -> 2640000 | L31: =CHOOSE(WEEKDAY(D31,2),"Senin","Selasa","Rabu","Kamis","Jumat","Sabtu","Minggu") -> Sabtu

Sheet Acuan
A1: Tipe Kamar | B1: Tarif per Malam | C1: Jumlah Reservasi | D1: Total Pendapatan
A2: Standard | B2: 400000 | C2: =COUNTIF(Data!$C$2:$C$31,A2) -> 14 | D2: =SUMIF(Data!$C$2:$C$31,A2,Data!$K$2:$K$31) -> 19888000
A3: Deluxe | B3: 650000 | C3: =COUNTIF(Data!$C$2:$C$31,A3) -> 11 | D3: =SUMIF(Data!$C$2:$C$31,A3,Data!$K$2:$K$31) -> 19376500
A4: Suite | B4: 1200000 | C4: =COUNTIF(Data!$C$2:$C$31,A4) -> 5 | D4: =SUMIF(Data!$C$2:$C$31,A4,Data!$K$2:$K$31) -> 18348000

Sheet Ringkasan
A1: Ringkasan: lembar jawaban soal berjenis ringkasan
A2: Sel hijau berisi rumus kunci.
A3: No | B3: Pertanyaan | C3: Jawaban | D3: Contoh format hasil
A4: 8a | B4: Total pendapatan (total tagihan) | C4: =SUM(Data!$K$2:$K$31) -> 57612500 | D4: Rupiah, mis. Rp 85.000.000
A5: 8b | B5: Total pajak yang dipungut | C5: =SUM(Data!$J$2:$J$31) -> 5237500 | D5: Rupiah, mis. Rp 85.000.000
A6: 9 | B6: Jumlah reservasi yang mendapat diskon | C6: =COUNTIF(Data!$I$2:$I$31,">0") -> 15 | D6: Angka bulat, mis. 12
A7: 10 | B7: Rata-rata lama menginap (malam) | C7: =AVERAGE(Data!$F$2:$F$31) -> 3.1 | D7: Desimal 2 angka, mis. 3,40
A8: 11 | B8: Jumlah check-in hari Jumat | C8: =COUNTIF(Data!$L$2:$L$31,"Jumat") -> 3 | D8: Angka bulat, mis. 5
A9: 14 | B9: Tipe kamar dengan pendapatan terbesar | C9: =INDEX(Acuan!$A$2:$A$4,MATCH(MAX(Acuan!$D$2:$D$4),Acuan!$D$2:$D$4,0)) -> Standard | D9: Teks: tipe kamar
