Workbook

Sheet Petunjuk
A1: Kunci Jawaban: Stok Gudang Alat Tulis dan Perlengkapan Kantor
A2: Latihan 2 dari 24 | Tingkat: Pemula | Perkiraan waktu: 40 menit | pushexcel.github.io/Pushexcel
A4: Skenario
A5: Kamu admin gudang di Toko Mitra Karya. Akhir bulan, kamu menyusun laporan stok untuk 25 barang perlengkapan kantor: alat tulis (ATK), kebersihan (KBR), dan elektronik (ELK). Dari laporan itu kamu menentukan barang yang harus dipesan ulang dan berapa nilai persediaan yang masih ada.
A7: Cara memakai kunci
A8: 1. | B8: Sel hijau berisi rumus kunci yang sudah dihitung. Klik sel untuk melihat rumusnya.
A9: 2. | B9: Kolom Rumus kunci di bawah menampilkan rumus untuk baris pertama atau tiap sel jawaban.
A10: 3. | B10: Rumus ditulis dengan titik koma (;). Ganti dengan koma (,) bila Excel kamu berbahasa Inggris.
A11: 4. | B11: Jawaban lain yang benar secara logika juga boleh, selama hasilnya sama.
A13: Arti warna
B14: Judul kolom data yang sudah diberikan
B15: Judul kolom hasil hitung
B16: Sel berisi rumus kunci
B17: Angka berwarna biru pada blok Parameter = nilai tetap yang boleh dirujuk
A19: Daftar soal
A20: No | B20: Soal | C20: Jawab di | D20: Rumus kunci
A21: 1 | B21: Ambil kode kategori dari tiga huruf pertama Kode Barang. | C21: Sheet Data, kolom I (Kategori), baris 2 sampai 26 | D21: =LEFT(A2;3)
A22: 2 | B22: Hitung stok akhir: stok awal ditambah barang masuk, dikurangi barang keluar. | C22: Sheet Data, kolom J (Stok Akhir), baris 2 sampai 26 | D22: =D2+E2-F2
A23: 3 | B23: Beri status Pesan Ulang bila stok akhir sama dengan atau di bawah stok minimum, selain itu Aman. | C23: Sheet Data, kolom K (Status), baris 2 sampai 26 | D23: =IF(J2<=H2;"Pesan Ulang";"Aman")
A24: 4 | B24: Hitung nilai persediaan: stok akhir dikali harga satuan. | C24: Sheet Data, kolom L (Nilai Persediaan), baris 2 sampai 26 | D24: =J2*G2
A25: 5 | B25: Hitung jumlah yang harus dipesan. Untuk barang berstatus Pesan Ulang, pesan sebanyak target stok dikurangi stok akhir. Barang lain 0. | C25: Sheet Data, kolom M (Jumlah Dipesan), baris 2 sampai 26 | D25: =IF(K2="Pesan Ulang";H2*$P$2-J2;0)
A26: 6 | B26: Berapa total nilai seluruh persediaan? | C26: Sheet Ringkasan, sel C4 | D26: =SUM(Data!$L$2:$L$26)
A27: 7 | B27: Berapa jenis barang yang berstatus Pesan Ulang? | C27: Sheet Ringkasan, sel C5 | D27: =COUNTIF(Data!$K$2:$K$26;"Pesan Ulang")
A28: 8 | B28: Barang apa yang nilai persediaannya paling besar? | C28: Sheet Ringkasan, sel C6 | D28: =INDEX(Data!$B$2:$B$26;MATCH(MAX(Data!$L$2:$L$26);Data!$L$2:$L$26;0))
A29: 9 | B29: Hitung total nilai persediaan untuk masing-masing kategori: ATK, KBR, dan ELK. | C29: Sheet Ringkasan, sel C7 sampai C9 | D29: =SUMIF(Data!$I$2:$I$26;"ATK";Data!$L$2:$L$26) =SUMIF(Data!$I$2:$I$26;"KBR";Data!$L$2:$L$26) =SUMIF(Data!$I$2:$I$26;"ELK";Data!$L$2:$L$26)
A30: 10 | B30: Berapa total unit barang yang keluar selama bulan ini? | C30: Sheet Ringkasan, sel C10 | D30: =SUM(Data!$F$2:$F$26)
A31: 11 | B31: Berapa biaya yang dibutuhkan untuk memesan semua barang berstatus Pesan Ulang? | C31: Sheet Ringkasan, sel C11 | D31: =SUMPRODUCT(Data!$M$2:$M$26;Data!$G$2:$G$26)

Sheet Data
A1: Kode Barang | B1: Nama Barang | C1: Satuan | D1: Stok Awal | E1: Barang Masuk | F1: Barang Keluar | G1: Harga Satuan | H1: Stok Minimum | I1: Kategori | J1: Stok Akhir | K1: Status | L1: Nilai Persediaan | M1: Jumlah Dipesan | O1: Parameter | P1: Nilai | Q1: Keterangan
A2: ATK-001 | B2: Kertas HVS A4 80 gr | C2: Rim | D2: 33 | E2: 0 | F2: 11 | G2: 52000 | H2: 12 | I2: =LEFT(A2,3) -> ATK | J2: =D2+E2-F2 -> 22 | K2: =IF(J2<=H2,"Pesan Ulang","Aman") -> Aman | L2: =J2*G2 -> 1144000 | M2: =IF(K2="Pesan Ulang",H2*$P$2-J2,0) -> 0 | O2: Target stok = stok minimum x | P2: 3 | Q2: Saat pesan ulang, stok dinaikkan sampai kelipatan ini dari stok minimum
A3: ATK-002 | B3: Kertas HVS F4 80 gr | C3: Rim | D3: 27 | E3: 0 | F3: 23 | G3: 58000 | H3: 15 | I3: =LEFT(A3,3) -> ATK | J3: =D3+E3-F3 -> 4 | K3: =IF(J3<=H3,"Pesan Ulang","Aman") -> Pesan Ulang | L3: =J3*G3 -> 232000 | M3: =IF(K3="Pesan Ulang",H3*$P$2-J3,0) -> 41
A4: ATK-003 | B4: Pulpen Hitam | C4: Lusin | D4: 50 | E4: 30 | F4: 73 | G4: 24000 | H4: 5 | I4: =LEFT(A4,3) -> ATK | J4: =D4+E4-F4 -> 7 | K4: =IF(J4<=H4,"Pesan Ulang","Aman") -> Aman | L4: =J4*G4 -> 168000 | M4: =IF(K4="Pesan Ulang",H4*$P$2-J4,0) -> 0
A5: ATK-004 | B5: Pulpen Biru | C5: Lusin | D5: 35 | E5: 0 | F5: 30 | G5: 24000 | H5: 8 | I5: =LEFT(A5,3) -> ATK | J5: =D5+E5-F5 -> 5 | K5: =IF(J5<=H5,"Pesan Ulang","Aman") -> Pesan Ulang | L5: =J5*G5 -> 120000 | M5: =IF(K5="Pesan Ulang",H5*$P$2-J5,0) -> 19
A6: ATK-005 | B6: Pensil 2B | C6: Lusin | D6: 19 | E6: 20 | F6: 29 | G6: 18000 | H6: 5 | I6: =LEFT(A6,3) -> ATK | J6: =D6+E6-F6 -> 10 | K6: =IF(J6<=H6,"Pesan Ulang","Aman") -> Aman | L6: =J6*G6 -> 180000 | M6: =IF(K6="Pesan Ulang",H6*$P$2-J6,0) -> 0
A7: ATK-006 | B7: Penghapus | C7: Buah | D7: 20 | E7: 20 | F7: 22 | G7: 3000 | H7: 10 | I7: =LEFT(A7,3) -> ATK | J7: =D7+E7-F7 -> 18 | K7: =IF(J7<=H7,"Pesan Ulang","Aman") -> Aman | L7: =J7*G7 -> 54000 | M7: =IF(K7="Pesan Ulang",H7*$P$2-J7,0) -> 0
A8: ATK-007 | B8: Spidol Whiteboard | C8: Buah | D8: 60 | E8: 20 | F8: 40 | G8: 9000 | H8: 8 | I8: =LEFT(A8,3) -> ATK | J8: =D8+E8-F8 -> 40 | K8: =IF(J8<=H8,"Pesan Ulang","Aman") -> Aman | L8: =J8*G8 -> 360000 | M8: =IF(K8="Pesan Ulang",H8*$P$2-J8,0) -> 0
A9: ATK-008 | B9: Spidol Permanen | C9: Buah | D9: 48 | E9: 0 | F9: 38 | G9: 8000 | H9: 10 | I9: =LEFT(A9,3) -> ATK | J9: =D9+E9-F9 -> 10 | K9: =IF(J9<=H9,"Pesan Ulang","Aman") -> Pesan Ulang | L9: =J9*G9 -> 80000 | M9: =IF(K9="Pesan Ulang",H9*$P$2-J9,0) -> 20
A10: ATK-009 | B10: Stapler Kecil | C10: Buah | D10: 11 | E10: 20 | F10: 18 | G10: 22000 | H10: 15 | I10: =LEFT(A10,3) -> ATK | J10: =D10+E10-F10 -> 13 | K10: =IF(J10<=H10,"Pesan Ulang","Aman") -> Pesan Ulang | L10: =J10*G10 -> 286000 | M10: =IF(K10="Pesan Ulang",H10*$P$2-J10,0) -> 32
A11: ATK-010 | B11: Isi Staples No. 10 | C11: Kotak | D11: 15 | E11: 0 | F11: 8 | G11: 5000 | H11: 10 | I11: =LEFT(A11,3) -> ATK | J11: =D11+E11-F11 -> 7 | K11: =IF(J11<=H11,"Pesan Ulang","Aman") -> Pesan Ulang | L11: =J11*G11 -> 35000 | M11: =IF(K11="Pesan Ulang",H11*$P$2-J11,0) -> 23
A12: ATK-011 | B12: Map Plastik | C12: Buah | D12: 54 | E12: 0 | F12: 19 | G12: 4000 | H12: 10 | I12: =LEFT(A12,3) -> ATK | J12: =D12+E12-F12 -> 35 | K12: =IF(J12<=H12,"Pesan Ulang","Aman") -> Aman | L12: =J12*G12 -> 140000 | M12: =IF(K12="Pesan Ulang",H12*$P$2-J12,0) -> 0
A13: ATK-012 | B13: Ordner Folio | C13: Buah | D13: 42 | E13: 20 | F13: 39 | G13: 28000 | H13: 5 | I13: =LEFT(A13,3) -> ATK | J13: =D13+E13-F13 -> 23 | K13: =IF(J13<=H13,"Pesan Ulang","Aman") -> Aman | L13: =J13*G13 -> 644000 | M13: =IF(K13="Pesan Ulang",H13*$P$2-J13,0) -> 0
A14: ATK-013 | B14: Amplop Coklat Folio | C14: Pak | D14: 25 | E14: 10 | F14: 13 | G14: 32000 | H14: 8 | I14: =LEFT(A14,3) -> ATK | J14: =D14+E14-F14 -> 22 | K14: =IF(J14<=H14,"Pesan Ulang","Aman") -> Aman | L14: =J14*G14 -> 704000 | M14: =IF(K14="Pesan Ulang",H14*$P$2-J14,0) -> 0
... A26: ELK-005 | B26: Kalkulator 12 Digit | C26: Buah | D26: 39 | E26: 0 | F26: 35 | G26: 70000 | H26: 5 | I26: =LEFT(A26,3) -> ELK | J26: =D26+E26-F26 -> 4 | K26: =IF(J26<=H26,"Pesan Ulang","Aman") -> Pesan Ulang | L26: =J26*G26 -> 280000 | M26: =IF(K26="Pesan Ulang",H26*$P$2-J26,0) -> 11

Sheet Ringkasan
A1: Ringkasan: lembar jawaban soal berjenis ringkasan
A2: Sel hijau berisi rumus kunci.
A3: No | B3: Pertanyaan | C3: Jawaban | D3: Contoh format hasil
A4: 6 | B4: Total nilai persediaan seluruh barang | C4: =SUM(Data!$L$2:$L$26) -> 9279000 | D4: Rupiah, mis. Rp 24.500.000
A5: 7 | B5: Jumlah jenis barang berstatus Pesan Ulang | C5: =COUNTIF(Data!$K$2:$K$26,"Pesan Ulang") -> 8 | D5: Angka bulat, mis. 7
A6: 8 | B6: Nama barang dengan nilai persediaan terbesar | C6: =INDEX(Data!$B$2:$B$26,MATCH(MAX(Data!$L$2:$L$26),Data!$L$2:$L$26,0)) -> Kertas HVS A4 80 gr | D6: Teks: nama barang
A7: 9a | B7: Total nilai persediaan kategori ATK | C7: =SUMIF(Data!$I$2:$I$26,"ATK",Data!$L$2:$L$26) -> 4620000 | D7: Rupiah, mis. Rp 12.300.000
A8: 9b | B8: Total nilai persediaan kategori KBR | C8: =SUMIF(Data!$I$2:$I$26,"KBR",Data!$L$2:$L$26) -> 1567000 | D8: Rupiah, mis. Rp 12.300.000
A9: 9c | B9: Total nilai persediaan kategori ELK | C9: =SUMIF(Data!$I$2:$I$26,"ELK",Data!$L$2:$L$26) -> 3092000 | D9: Rupiah, mis. Rp 12.300.000
A10: 10 | B10: Total unit barang keluar | C10: =SUM(Data!$F$2:$F$26) -> 791 | D10: Angka bulat, mis. 310
A11: 11 | B11: Total biaya pesan ulang | C11: =SUMPRODUCT(Data!$M$2:$M$26,Data!$G$2:$G$26) -> 5507000 | D11: Rupiah, mis. Rp 3.150.000
