Workbook

Sheet Petunjuk
A1: Kunci Jawaban: Penjualan dan Komisi Tim Sales
A2: Latihan 14 dari 24 | Tingkat: Lanjutan | Perkiraan waktu: 60 menit | pushexcel.github.io/Pushexcel
A4: Skenario
A5: Kamu admin penjualan di PT Digital Perkasa. Selama Oktober 2026 tim sales (6 orang di 4 wilayah) mencatat 42 transaksi. Tiap sales punya target omzet bulanan (sheet Acuan). Komisi dihitung bertingkat dari pencapaian target: di bawah 80 persen tidak ada komisi, 80 persen ke atas 1 persen, 100 persen ke atas 2 persen, dan 120 persen ke atas 3 persen dari omzet.
A7: Cara memakai kunci
A8: 1. | B8: Sel hijau berisi rumus kunci yang sudah dihitung. Klik sel untuk melihat rumusnya.
A9: 2. | B9: Kolom Rumus kunci di bawah menampilkan rumus untuk baris pertama atau tiap sel jawaban.
A10: 3. | B10: Rumus ditulis dengan titik koma (;). Ganti dengan koma (,) bila Excel kamu berbahasa Inggris.
A11: 4. | B11: Jawaban lain yang benar secara logika juga boleh, selama hasilnya sama.
A13: Arti warna
B14: Judul kolom data yang sudah diberikan
B15: Judul kolom hasil hitung
B16: Sel berisi rumus kunci
B17: Angka berwarna biru pada blok Parameter = nilai tetap yang boleh dirujuk
A19: Daftar soal
A20: No | B20: Soal | C20: Jawab di | D20: Rumus kunci
A21: 1 | B21: Hitung nilai transaksi: jumlah dikali harga satuan. | C21: Sheet Data, kolom G (Nilai Transaksi), baris 2 sampai 43 | D21: =E2*F2
A22: 2 | B22: Tentukan minggu ke berapa dalam bulan (tanggal 1-7 = minggu 1, 8-14 = minggu 2, dan seterusnya). | C22: Sheet Data, kolom H (Minggu ke), baris 2 sampai 43 | D22: =INT((DAY(B2)-1)/7)+1
A23: 3 | B23: Beri kategori Besar bila nilai transaksi sama dengan atau di atas batas transaksi Besar, selain itu Reguler. | C23: Sheet Data, kolom I (Kategori), baris 2 sampai 43 | D23: =IF(G2>=$M$8;"Besar";"Reguler")
A24: 4 | B24: Ambil wilayah tiap transaksi dari tabel sales di sheet Acuan. | C24: Sheet Data, kolom J (Wilayah), baris 2 sampai 43 | D24: =VLOOKUP(C2;Acuan!$A$2:$C$7;2;FALSE)
A25: 5 | B25: Pada sheet Acuan, hitung omzet tiap sales dari seluruh transaksinya. | C25: Sheet Acuan, kolom D (Omzet), baris 2 sampai 7 | D25: =SUMIF(Data!$C$2:$C$43;A2;Data!$G$2:$G$43)
A26: 6 | B26: Pada sheet Acuan, hitung jumlah transaksi tiap sales. | C26: Sheet Acuan, kolom E (Jumlah Transaksi), baris 2 sampai 7 | D26: =COUNTIF(Data!$C$2:$C$43;A2)
A27: 7 | B27: Pada sheet Acuan, hitung pencapaian target: omzet dibagi target omzet. | C27: Sheet Acuan, kolom F (Pencapaian Target), baris 2 sampai 7 | D27: =D2/C2
A28: 8 | B28: Tentukan persen komisi: pencapaian di atas batas tingkat 3 mendapat komisi tingkat 3, lalu tingkat 2, lalu tingkat 1, selain itu 0. | C28: Sheet Acuan, kolom G (Persen Komisi), baris 2 sampai 7 | D28: =IF(F2>=Data!$M$4;Data!$M$7;IF(F2>=Data!$M$3;Data!$M$6;IF(F2>=Data!$M$2;Data!$M$5;0)))
A29: 9 | B29: Hitung komisi: omzet dikali persen komisi. | C29: Sheet Acuan, kolom H (Komisi), baris 2 sampai 7 | D29: =ROUND(D2*G2;0)
A30: 10 | B30: Berapa total omzet seluruh sales? | C30: Sheet Ringkasan, sel C4 | D30: =SUM(Data!$G$2:$G$43)
A31: 11 | B31: Berapa total komisi yang harus dibayarkan? | C31: Sheet Ringkasan, sel C5 | D31: =SUM(Acuan!$H$2:$H$7)
... A35: 15 | B35: Berapa transaksi berkategori Besar, dan berapa rata-rata nilai transaksi seluruhnya? | C35: Sheet Ringkasan, sel C12 sampai C13 | D35: =COUNTIF(Data!$I$2:$I$43;"Besar") =AVERAGE(Data!$G$2:$G$43)

Sheet Data
A1: No | B1: Tanggal | C1: Sales | D1: Produk | E1: Jumlah | F1: Harga Satuan | G1: Nilai Transaksi | H1: Minggu ke | I1: Kategori | J1: Wilayah | L1: Parameter | M1: Nilai | N1: Keterangan
A2: 1 | B2: 46298 | C2: Lia Wibowo | D2: Printer Multifungsi | E2: 4 | F2: 2100000 | G2: =E2*F2 -> 8400000 | H2: =INT((DAY(B2)-1)/7)+1 -> 1 | I2: =IF(G2>=$M$8,"Besar","Reguler") -> Reguler | J2: =VLOOKUP(C2,Acuan!$A$2:$C$7,2,FALSE()) -> Semarang | L2: Batas pencapaian komisi tingkat 1 | M2: 0.8
A3: 2 | B3: 46299 | C3: Dimas Ramadhan | D3: Kursi Gaming | E3: 4 | F3: 1450000 | G3: =E3*F3 -> 5800000 | H3: =INT((DAY(B3)-1)/7)+1 -> 1 | I3: =IF(G3>=$M$8,"Besar","Reguler") -> Reguler | J3: =VLOOKUP(C3,Acuan!$A$2:$C$7,2,FALSE()) -> Jakarta | L3: Batas pencapaian komisi tingkat 2 | M3: 1
A4: 3 | B4: 46300 | C4: Rizki Handayani | D4: Monitor 22 Inci | E4: 2 | F4: 1850000 | G4: =E4*F4 -> 3700000 | H4: =INT((DAY(B4)-1)/7)+1 -> 1 | I4: =IF(G4>=$M$8,"Besar","Reguler") -> Reguler | J4: =VLOOKUP(C4,Acuan!$A$2:$C$7,2,FALSE()) -> Surabaya | L4: Batas pencapaian komisi tingkat 3 | M4: 1.2
A5: 4 | B5: 46300 | C5: Dimas Ramadhan | D5: Printer Multifungsi | E5: 1 | F5: 2100000 | G5: =E5*F5 -> 2100000 | H5: =INT((DAY(B5)-1)/7)+1 -> 1 | I5: =IF(G5>=$M$8,"Besar","Reguler") -> Reguler | J5: =VLOOKUP(C5,Acuan!$A$2:$C$7,2,FALSE()) -> Jakarta | L5: Komisi tingkat 1 | M5: 0.01 | N5: Persen dari omzet
A6: 5 | B6: 46301 | C6: Ayu Wibowo | D6: Printer Multifungsi | E6: 5 | F6: 2100000 | G6: =E6*F6 -> 10500000 | H6: =INT((DAY(B6)-1)/7)+1 -> 1 | I6: =IF(G6>=$M$8,"Besar","Reguler") -> Reguler | J6: =VLOOKUP(C6,Acuan!$A$2:$C$7,2,FALSE()) -> Jakarta | L6: Komisi tingkat 2 | M6: 0.02 | N6: Persen dari omzet
A7: 6 | B7: 46301 | C7: Ayu Wibowo | D7: Kursi Gaming | E7: 6 | F7: 1450000 | G7: =E7*F7 -> 8700000 | H7: =INT((DAY(B7)-1)/7)+1 -> 1 | I7: =IF(G7>=$M$8,"Besar","Reguler") -> Reguler | J7: =VLOOKUP(C7,Acuan!$A$2:$C$7,2,FALSE()) -> Jakarta | L7: Komisi tingkat 3 | M7: 0.03 | N7: Persen dari omzet
A8: 7 | B8: 46302 | C8: Rizki Handayani | D8: Router WiFi 6 | E8: 6 | F8: 750000 | G8: =E8*F8 -> 4500000 | H8: =INT((DAY(B8)-1)/7)+1 -> 1 | I8: =IF(G8>=$M$8,"Besar","Reguler") -> Reguler | J8: =VLOOKUP(C8,Acuan!$A$2:$C$7,2,FALSE()) -> Surabaya | L8: Batas transaksi Besar | M8: 15000000 | N8: Nilai transaksi sama dengan atau di atas angka ini
A9: 8 | B9: 46302 | C9: Ayu Wibowo | D9: Laptop 14 Inci | E9: 4 | F9: 8500000 | G9: =E9*F9 -> 34000000 | H9: =INT((DAY(B9)-1)/7)+1 -> 1 | I9: =IF(G9>=$M$8,"Besar","Reguler") -> Besar | J9: =VLOOKUP(C9,Acuan!$A$2:$C$7,2,FALSE()) -> Jakarta
A10: 9 | B10: 46302 | C10: Lia Wibowo | D10: Laptop 14 Inci | E10: 2 | F10: 8500000 | G10: =E10*F10 -> 17000000 | H10: =INT((DAY(B10)-1)/7)+1 -> 1 | I10: =IF(G10>=$M$8,"Besar","Reguler") -> Besar | J10: =VLOOKUP(C10,Acuan!$A$2:$C$7,2,FALSE()) -> Semarang
A11: 10 | B11: 46304 | C11: Fajar Hidayat | D11: Monitor 22 Inci | E11: 2 | F11: 1850000 | G11: =E11*F11 -> 3700000 | H11: =INT((DAY(B11)-1)/7)+1 -> 2 | I11: =IF(G11>=$M$8,"Besar","Reguler") -> Reguler | J11: =VLOOKUP(C11,Acuan!$A$2:$C$7,2,FALSE()) -> Bandung
A12: 11 | B12: 46305 | C12: Gunawan Susanto | D12: Monitor 22 Inci | E12: 3 | F12: 1850000 | G12: =E12*F12 -> 5550000 | H12: =INT((DAY(B12)-1)/7)+1 -> 2 | I12: =IF(G12>=$M$8,"Besar","Reguler") -> Reguler | J12: =VLOOKUP(C12,Acuan!$A$2:$C$7,2,FALSE()) -> Surabaya
A13: 12 | B13: 46305 | C13: Dimas Ramadhan | D13: Headset | E13: 4 | F13: 350000 | G13: =E13*F13 -> 1400000 | H13: =INT((DAY(B13)-1)/7)+1 -> 2 | I13: =IF(G13>=$M$8,"Besar","Reguler") -> Reguler | J13: =VLOOKUP(C13,Acuan!$A$2:$C$7,2,FALSE()) -> Jakarta
A14: 13 | B14: 46305 | C14: Rizki Handayani | D14: Kursi Gaming | E14: 4 | F14: 1450000 | G14: =E14*F14 -> 5800000 | H14: =INT((DAY(B14)-1)/7)+1 -> 2 | I14: =IF(G14>=$M$8,"Besar","Reguler") -> Reguler | J14: =VLOOKUP(C14,Acuan!$A$2:$C$7,2,FALSE()) -> Surabaya
A15: 14 | B15: 46306 | C15: Fajar Hidayat | D15: Monitor 22 Inci | E15: 5 | F15: 1850000 | G15: =E15*F15 -> 9250000 | H15: =INT((DAY(B15)-1)/7)+1 -> 2 | I15: =IF(G15>=$M$8,"Besar","Reguler") -> Reguler | J15: =VLOOKUP(C15,Acuan!$A$2:$C$7,2,FALSE()) -> Bandung
A16: 15 | B16: 46307 | C16: Rizki Handayani | D16: Laptop 14 Inci | E16: 1 | F16: 8500000 | G16: =E16*F16 -> 8500000 | H16: =INT((DAY(B16)-1)/7)+1 -> 2 | I16: =IF(G16>=$M$8,"Besar","Reguler") -> Reguler | J16: =VLOOKUP(C16,Acuan!$A$2:$C$7,2,FALSE()) -> Surabaya
A17: 16 | B17: 46308 | C17: Ayu Wibowo | D17: Headset | E17: 7 | F17: 350000 | G17: =E17*F17 -> 2450000 | H17: =INT((DAY(B17)-1)/7)+1 -> 2 | I17: =IF(G17>=$M$8,"Besar","Reguler") -> Reguler | J17: =VLOOKUP(C17,Acuan!$A$2:$C$7,2,FALSE()) -> Jakarta
A18: 17 | B18: 46308 | C18: Fajar Hidayat | D18: Laptop 14 Inci | E18: 2 | F18: 8500000 | G18: =E18*F18 -> 17000000 | H18: =INT((DAY(B18)-1)/7)+1 -> 2 | I18: =IF(G18>=$M$8,"Besar","Reguler") -> Besar | J18: =VLOOKUP(C18,Acuan!$A$2:$C$7,2,FALSE()) -> Bandung
A19: 18 | B19: 46308 | C19: Lia Wibowo | D19: Laptop 14 Inci | E19: 4 | F19: 8500000 | G19: =E19*F19 -> 34000000 | H19: =INT((DAY(B19)-1)/7)+1 -> 2 | I19: =IF(G19>=$M$8,"Besar","Reguler") -> Besar | J19: =VLOOKUP(C19,Acuan!$A$2:$C$7,2,FALSE()) -> Semarang
A20: 19 | B20: 46309 | C20: Rizki Handayani | D20: Router WiFi 6 | E20: 3 | F20: 750000 | G20: =E20*F20 -> 2250000 | H20: =INT((DAY(B20)-1)/7)+1 -> 2 | I20: =IF(G20>=$M$8,"Besar","Reguler") -> Reguler | J20: =VLOOKUP(C20,Acuan!$A$2:$C$7,2,FALSE()) -> Surabaya
... A43: 42 | B43: 46326 | C43: Fajar Hidayat | D43: Printer Multifungsi | E43: 2 | F43: 2100000 | G43: =E43*F43 -> 4200000 | H43: =INT((DAY(B43)-1)/7)+1 -> 5 | I43: =IF(G43>=$M$8,"Besar","Reguler") -> Reguler | J43: =VLOOKUP(C43,Acuan!$A$2:$C$7,2,FALSE()) -> Bandung

Sheet Acuan
A1: Sales | B1: Wilayah | C1: Target Omzet | D1: Omzet | E1: Jumlah Transaksi | F1: Pencapaian Target | G1: Persen Komisi | H1: Komisi
A2: Ayu Wibowo | B2: Jakarta | C2: 62000000 | D2: =SUMIF(Data!$C$2:$C$43,A2,Data!$G$2:$G$43) -> 55650000 | E2: =COUNTIF(Data!$C$2:$C$43,A2) -> 4 | F2: =D2/C2 -> 0.89758065 | G2: =IF(F2>=Data!$M$4,Data!$M$7,IF(F2>=Data!$M$3,Data!$M$6,IF(F2>=Data!$M$2,Data!$M$5,0))) -> 0.01 | H2: =ROUND(D2*G2,0) -> 556500
A3: Dimas Ramadhan | B3: Jakarta | C3: 51000000 | D3: =SUMIF(Data!$C$2:$C$43,A3,Data!$G$2:$G$43) -> 65750000 | E3: =COUNTIF(Data!$C$2:$C$43,A3) -> 8 | F3: =D3/C3 -> 1.2892157 | G3: =IF(F3>=Data!$M$4,Data!$M$7,IF(F3>=Data!$M$3,Data!$M$6,IF(F3>=Data!$M$2,Data!$M$5,0))) -> 0.03 | H3: =ROUND(D3*G3,0) -> 1972500
A4: Fajar Hidayat | B4: Bandung | C4: 68000000 | D4: =SUMIF(Data!$C$2:$C$43,A4,Data!$G$2:$G$43) -> 58150000 | E4: =COUNTIF(Data!$C$2:$C$43,A4) -> 7 | F4: =D4/C4 -> 0.85514706 | G4: =IF(F4>=Data!$M$4,Data!$M$7,IF(F4>=Data!$M$3,Data!$M$6,IF(F4>=Data!$M$2,Data!$M$5,0))) -> 0.01 | H4: =ROUND(D4*G4,0) -> 581500
A5: Gunawan Susanto | B5: Surabaya | C5: 136000000 | D5: =SUMIF(Data!$C$2:$C$43,A5,Data!$G$2:$G$43) -> 88200000 | E5: =COUNTIF(Data!$C$2:$C$43,A5) -> 10 | F5: =D5/C5 -> 0.64852941 | G5: =IF(F5>=Data!$M$4,Data!$M$7,IF(F5>=Data!$M$3,Data!$M$6,IF(F5>=Data!$M$2,Data!$M$5,0))) -> 0 | H5: =ROUND(D5*G5,0) -> 0
A6: Rizki Handayani | B6: Surabaya | C6: 43000000 | D6: =SUMIF(Data!$C$2:$C$43,A6,Data!$G$2:$G$43) -> 45100000 | E6: =COUNTIF(Data!$C$2:$C$43,A6) -> 8 | F6: =D6/C6 -> 1.0488372 | G6: =IF(F6>=Data!$M$4,Data!$M$7,IF(F6>=Data!$M$3,Data!$M$6,IF(F6>=Data!$M$2,Data!$M$5,0))) -> 0.02 | H6: =ROUND(D6*G6,0) -> 902000
A7: Lia Wibowo | B7: Semarang | C7: 76000000 | D7: =SUMIF(Data!$C$2:$C$43,A7,Data!$G$2:$G$43) -> 86850000 | E7: =COUNTIF(Data!$C$2:$C$43,A7) -> 5 | F7: =D7/C7 -> 1.1427632 | G7: =IF(F7>=Data!$M$4,Data!$M$7,IF(F7>=Data!$M$3,Data!$M$6,IF(F7>=Data!$M$2,Data!$M$5,0))) -> 0.02 | H7: =ROUND(D7*G7,0) -> 1737000

Sheet Ringkasan
A1: Ringkasan: lembar jawaban soal berjenis ringkasan
A2: Sel hijau berisi rumus kunci.
A3: No | B3: Pertanyaan | C3: Jawaban | D3: Contoh format hasil
A4: 10 | B4: Total omzet seluruh sales | C4: =SUM(Data!$G$2:$G$43) -> 399700000 | D4: Rupiah, mis. Rp 480.000.000
A5: 11 | B5: Total komisi yang dibayarkan | C5: =SUM(Acuan!$H$2:$H$7) -> 5749500 | D5: Rupiah, mis. Rp 6.500.000
A6: 12 | B6: Sales dengan omzet terbesar | C6: =INDEX(Acuan!$A$2:$A$7,MATCH(MAX(Acuan!$D$2:$D$7),Acuan!$D$2:$D$7,0)) -> Gunawan Susanto | D6: Teks: nama sales
A7: 13 | B7: Jumlah sales yang mencapai target | C7: =COUNTIF(Acuan!$F$2:$F$7,">=1") -> 3 | D7: Angka bulat, mis. 3
A8: 14a | B8: Total omzet wilayah Jakarta | C8: =SUMIF(Data!$J$2:$J$43,"Jakarta",Data!$G$2:$G$43) -> 121400000 | D8: Rupiah, mis. Rp 110.000.000
A9: 14b | B9: Total omzet wilayah Bandung | C9: =SUMIF(Data!$J$2:$J$43,"Bandung",Data!$G$2:$G$43) -> 58150000 | D9: Rupiah, mis. Rp 110.000.000
A10: 14c | B10: Total omzet wilayah Surabaya | C10: =SUMIF(Data!$J$2:$J$43,"Surabaya",Data!$G$2:$G$43) -> 133300000 | D10: Rupiah, mis. Rp 110.000.000
A11: 14d | B11: Total omzet wilayah Semarang | C11: =SUMIF(Data!$J$2:$J$43,"Semarang",Data!$G$2:$G$43) -> 86850000 | D11: Rupiah, mis. Rp 110.000.000
A12: 15a | B12: Jumlah transaksi berkategori Besar | C12: =COUNTIF(Data!$I$2:$I$43,"Besar") -> 10 | D12: Rupiah, mis. Rp 11.000.000
A13: 15b | B13: Rata-rata nilai transaksi | C13: =AVERAGE(Data!$G$2:$G$43) -> 9516666.7 | D13: Rupiah, mis. Rp 11.000.000
