Workbook

Sheet Petunjuk
A1: Kunci Jawaban: Iuran Bulanan Warga RT
A2: Latihan 24 dari 24 | Tingkat: Pemula | Perkiraan waktu: 40 menit | pushexcel.github.io/Pushexcel
A4: Skenario
A5: Kamu bendahara RT 05 Perumahan Griya Asri. Iuran keamanan dan kebersihan Rp 50.000 per keluarga per bulan. Untuk Januari sampai Juni 2026 kamu merekap pembayaran 30 keluarga di tiga blok. Sebagian keluarga membayar penuh, sebagian membayar sebagian (Rp 25.000), dan sebagian belum membayar (0).
A7: Cara memakai kunci
A8: 1. | B8: Sel hijau berisi rumus kunci yang sudah dihitung. Klik sel untuk melihat rumusnya.
A9: 2. | B9: Kolom Rumus kunci di bawah menampilkan rumus untuk baris pertama atau tiap sel jawaban.
A10: 3. | B10: Rumus ditulis dengan titik koma (;). Ganti dengan koma (,) bila Excel kamu berbahasa Inggris.
A11: 4. | B11: Jawaban lain yang benar secara logika juga boleh, selama hasilnya sama.
A13: Arti warna
B14: Judul kolom data yang sudah diberikan
B15: Judul kolom hasil hitung
B16: Sel berisi rumus kunci
B17: Angka berwarna biru pada blok Parameter = nilai tetap yang boleh dirujuk
A19: Daftar soal
A20: No | B20: Soal | C20: Jawab di | D20: Rumus kunci
A21: 1 | B21: Hitung berapa bulan yang dibayar penuh (sama dengan iuran per bulan) dari Januari sampai Juni. | C21: Sheet Data, kolom J (Bulan Terbayar Penuh), baris 2 sampai 31 | D21: =COUNTIF(D2:I2;$P$2)
A22: 2 | B22: Hitung total yang sudah dibayar keluarga itu dalam 6 bulan. | C22: Sheet Data, kolom K (Total Dibayar), baris 2 sampai 31 | D22: =SUM(D2:I2)
A23: 3 | B23: Hitung tunggakan: (iuran per bulan x jumlah bulan) dikurangi total dibayar. | C23: Sheet Data, kolom L (Tunggakan), baris 2 sampai 31 | D23: =$P$2*$P$3-K2
A24: 4 | B24: Status Lunas bila tunggakan 0 atau kurang. Menunggak 1-2 Bulan bila tunggakan paling banyak 2 kali iuran. Selain itu Menunggak 3+ Bulan. | C24: Sheet Data, kolom M (Status), baris 2 sampai 31 | D24: =IF(L2<=0;"Lunas";IF(L2<=$P$2*2;"Menunggak 1-2 Bulan";"Menunggak 3+ Bulan"))
A25: 5 | B25: Berapa total iuran yang terkumpul, dan berapa total tunggakan seluruh keluarga? | C25: Sheet Ringkasan, sel C4 sampai C5 | D25: =SUM(Data!$K$2:$K$31) =SUM(Data!$L$2:$L$31)
A26: 6 | B26: Berapa persen iuran yang terkumpul dari seluruh iuran yang seharusnya diterima? | C26: Sheet Ringkasan, sel C6 | D26: =SUM(Data!$K$2:$K$31)/(Data!$P$2*Data!$P$3*COUNTA(Data!$B$2:$B$31))
A27: 7 | B27: Berapa keluarga untuk tiap status: Lunas, Menunggak 1-2 Bulan, dan Menunggak 3+ Bulan? Jumlah ketiganya harus 30. | C27: Sheet Ringkasan, sel C7 sampai C9 | D27: =COUNTIF(Data!$M$2:$M$31;"Lunas") =COUNTIF(Data!$M$2:$M$31;"Menunggak 1-2 Bulan") =COUNTIF(Data!$M$2:$M$31;"Menunggak 3+ Bulan")
A28: 8 | B28: Pada sheet Acuan, hitung jumlah keluarga tiap blok. | C28: Sheet Acuan, kolom B (Jumlah Keluarga), baris 2 sampai 4 | D28: =COUNTIF(Data!$C$2:$C$31;A2)
A29: 9 | B29: Pada sheet Acuan, hitung total iuran terkumpul tiap blok. | C29: Sheet Acuan, kolom C (Total Terkumpul), baris 2 sampai 4 | D29: =SUMIF(Data!$C$2:$C$31;A2;Data!$K$2:$K$31)
A30: 10 | B30: Pada sheet Acuan, hitung total tunggakan tiap blok. | C30: Sheet Acuan, kolom D (Total Tunggakan), baris 2 sampai 4 | D30: =SUMIF(Data!$C$2:$C$31;A2;Data!$L$2:$L$31)
A31: 11 | B31: Blok mana yang total tunggakannya paling besar? | C31: Sheet Ringkasan, sel C10 | D31: =INDEX(Acuan!$A$2:$A$4;MATCH(MAX(Acuan!$D$2:$D$4);Acuan!$D$2:$D$4;0))

Sheet Data
A1: No | B1: Kepala Keluarga | C1: Blok | D1: Jan | E1: Feb | F1: Mar | G1: Apr | H1: Mei | I1: Jun | J1: Bulan Terbayar Penuh | K1: Total Dibayar | L1: Tunggakan | M1: Status | O1: Parameter | P1: Nilai | Q1: Keterangan
A2: 1 | B2: Vina Kurniawan | C2: B | D2: 50000 | E2: 50000 | F2: 50000 | G2: 50000 | H2: 50000 | I2: 50000 | J2: =COUNTIF(D2:I2,$P$2) -> 6 | K2: =SUM(D2:I2) -> 300000 | L2: =$P$2*$P$3-K2 -> 0 | M2: =IF(L2<=0,"Lunas",IF(L2<=$P$2*2,"Menunggak 1-2 Bulan","Menunggak 3+ Bulan")) -> Lunas | O2: Iuran per bulan | P2: 50000
A3: 2 | B3: Zahra Firmansyah | C3: B | D3: 50000 | E3: 50000 | F3: 50000 | G3: 0 | H3: 50000 | I3: 50000 | J3: =COUNTIF(D3:I3,$P$2) -> 5 | K3: =SUM(D3:I3) -> 250000 | L3: =$P$2*$P$3-K3 -> 50000 | M3: =IF(L3<=0,"Lunas",IF(L3<=$P$2*2,"Menunggak 1-2 Bulan","Menunggak 3+ Bulan")) -> Menunggak 1-2 Bulan | O3: Jumlah bulan yang direkap | P3: 6
A4: 3 | B4: Fajar Handayani | C4: A | D4: 50000 | E4: 50000 | F4: 50000 | G4: 50000 | H4: 50000 | I4: 50000 | J4: =COUNTIF(D4:I4,$P$2) -> 6 | K4: =SUM(D4:I4) -> 300000 | L4: =$P$2*$P$3-K4 -> 0 | M4: =IF(L4<=0,"Lunas",IF(L4<=$P$2*2,"Menunggak 1-2 Bulan","Menunggak 3+ Bulan")) -> Lunas
A5: 4 | B5: Intan Susanto | C5: B | D5: 50000 | E5: 50000 | F5: 50000 | G5: 50000 | H5: 50000 | I5: 50000 | J5: =COUNTIF(D5:I5,$P$2) -> 6 | K5: =SUM(D5:I5) -> 300000 | L5: =$P$2*$P$3-K5 -> 0 | M5: =IF(L5<=0,"Lunas",IF(L5<=$P$2*2,"Menunggak 1-2 Bulan","Menunggak 3+ Bulan")) -> Lunas
A6: 5 | B6: Agus Ramadhan | C6: C | D6: 50000 | E6: 50000 | F6: 0 | G6: 0 | H6: 0 | I6: 25000 | J6: =COUNTIF(D6:I6,$P$2) -> 2 | K6: =SUM(D6:I6) -> 125000 | L6: =$P$2*$P$3-K6 -> 175000 | M6: =IF(L6<=0,"Lunas",IF(L6<=$P$2*2,"Menunggak 1-2 Bulan","Menunggak 3+ Bulan")) -> Menunggak 3+ Bulan
A7: 6 | B7: Fajar Hidayat | C7: B | D7: 50000 | E7: 50000 | F7: 50000 | G7: 50000 | H7: 50000 | I7: 50000 | J7: =COUNTIF(D7:I7,$P$2) -> 6 | K7: =SUM(D7:I7) -> 300000 | L7: =$P$2*$P$3-K7 -> 0 | M7: =IF(L7<=0,"Lunas",IF(L7<=$P$2*2,"Menunggak 1-2 Bulan","Menunggak 3+ Bulan")) -> Lunas
A8: 7 | B8: Ahmad Purnomo | C8: C | D8: 50000 | E8: 50000 | F8: 25000 | G8: 50000 | H8: 50000 | I8: 50000 | J8: =COUNTIF(D8:I8,$P$2) -> 5 | K8: =SUM(D8:I8) -> 275000 | L8: =$P$2*$P$3-K8 -> 25000 | M8: =IF(L8<=0,"Lunas",IF(L8<=$P$2*2,"Menunggak 1-2 Bulan","Menunggak 3+ Bulan")) -> Menunggak 1-2 Bulan
A9: 8 | B9: Indra Ramadhan | C9: A | D9: 50000 | E9: 50000 | F9: 50000 | G9: 50000 | H9: 50000 | I9: 50000 | J9: =COUNTIF(D9:I9,$P$2) -> 6 | K9: =SUM(D9:I9) -> 300000 | L9: =$P$2*$P$3-K9 -> 0 | M9: =IF(L9<=0,"Lunas",IF(L9<=$P$2*2,"Menunggak 1-2 Bulan","Menunggak 3+ Bulan")) -> Lunas
A10: 9 | B10: Dewi Utomo | C10: C | D10: 0 | E10: 50000 | F10: 50000 | G10: 50000 | H10: 50000 | I10: 25000 | J10: =COUNTIF(D10:I10,$P$2) -> 4 | K10: =SUM(D10:I10) -> 225000 | L10: =$P$2*$P$3-K10 -> 75000 | M10: =IF(L10<=0,"Lunas",IF(L10<=$P$2*2,"Menunggak 1-2 Bulan","Menunggak 3+ Bulan")) -> Menunggak 1-2 Bulan
A11: 10 | B11: Maya Setiawan | C11: B | D11: 0 | E11: 50000 | F11: 0 | G11: 0 | H11: 50000 | I11: 50000 | J11: =COUNTIF(D11:I11,$P$2) -> 3 | K11: =SUM(D11:I11) -> 150000 | L11: =$P$2*$P$3-K11 -> 150000 | M11: =IF(L11<=0,"Lunas",IF(L11<=$P$2*2,"Menunggak 1-2 Bulan","Menunggak 3+ Bulan")) -> Menunggak 3+ Bulan
A12: 11 | B12: Mulyadi Rahayu | C12: C | D12: 0 | E12: 50000 | F12: 50000 | G12: 50000 | H12: 50000 | I12: 0 | J12: =COUNTIF(D12:I12,$P$2) -> 4 | K12: =SUM(D12:I12) -> 200000 | L12: =$P$2*$P$3-K12 -> 100000 | M12: =IF(L12<=0,"Lunas",IF(L12<=$P$2*2,"Menunggak 1-2 Bulan","Menunggak 3+ Bulan")) -> Menunggak 1-2 Bulan
A13: 12 | B13: Eko Maulana | C13: C | D13: 50000 | E13: 50000 | F13: 50000 | G13: 50000 | H13: 25000 | I13: 50000 | J13: =COUNTIF(D13:I13,$P$2) -> 5 | K13: =SUM(D13:I13) -> 275000 | L13: =$P$2*$P$3-K13 -> 25000 | M13: =IF(L13<=0,"Lunas",IF(L13<=$P$2*2,"Menunggak 1-2 Bulan","Menunggak 3+ Bulan")) -> Menunggak 1-2 Bulan
A14: 13 | B14: Agus Pratama | C14: B | D14: 50000 | E14: 50000 | F14: 50000 | G14: 50000 | H14: 50000 | I14: 50000 | J14: =COUNTIF(D14:I14,$P$2) -> 6 | K14: =SUM(D14:I14) -> 300000 | L14: =$P$2*$P$3-K14 -> 0 | M14: =IF(L14<=0,"Lunas",IF(L14<=$P$2*2,"Menunggak 1-2 Bulan","Menunggak 3+ Bulan")) -> Lunas
A15: 14 | B15: Ayu Permana | C15: B | D15: 50000 | E15: 50000 | F15: 50000 | G15: 50000 | H15: 50000 | I15: 25000 | J15: =COUNTIF(D15:I15,$P$2) -> 5 | K15: =SUM(D15:I15) -> 275000 | L15: =$P$2*$P$3-K15 -> 25000 | M15: =IF(L15<=0,"Lunas",IF(L15<=$P$2*2,"Menunggak 1-2 Bulan","Menunggak 3+ Bulan")) -> Menunggak 1-2 Bulan
... A31: 30 | B31: Mulyadi Saputra | C31: B | D31: 0 | E31: 50000 | F31: 50000 | G31: 50000 | H31: 50000 | I31: 50000 | J31: =COUNTIF(D31:I31,$P$2) -> 5 | K31: =SUM(D31:I31) -> 250000 | L31: =$P$2*$P$3-K31 -> 50000 | M31: =IF(L31<=0,"Lunas",IF(L31<=$P$2*2,"Menunggak 1-2 Bulan","Menunggak 3+ Bulan")) -> Menunggak 1-2 Bulan

Sheet Acuan
A1: Blok | B1: Jumlah Keluarga | C1: Total Terkumpul | D1: Total Tunggakan
A2: A | B2: =COUNTIF(Data!$C$2:$C$31,A2) -> 6 | C2: =SUMIF(Data!$C$2:$C$31,A2,Data!$K$2:$K$31) -> 1575000 | D2: =SUMIF(Data!$C$2:$C$31,A2,Data!$L$2:$L$31) -> 225000
A3: B | B3: =COUNTIF(Data!$C$2:$C$31,A3) -> 14 | C3: =SUMIF(Data!$C$2:$C$31,A3,Data!$K$2:$K$31) -> 3550000 | D3: =SUMIF(Data!$C$2:$C$31,A3,Data!$L$2:$L$31) -> 650000
A4: C | B4: =COUNTIF(Data!$C$2:$C$31,A4) -> 10 | C4: =SUMIF(Data!$C$2:$C$31,A4,Data!$K$2:$K$31) -> 2300000 | D4: =SUMIF(Data!$C$2:$C$31,A4,Data!$L$2:$L$31) -> 700000

Sheet Ringkasan
A1: Ringkasan: lembar jawaban soal berjenis ringkasan
A2: Sel hijau berisi rumus kunci.
A3: No | B3: Pertanyaan | C3: Jawaban | D3: Contoh format hasil
A4: 5a | B4: Total iuran terkumpul | C4: =SUM(Data!$K$2:$K$31) -> 7425000 | D4: Rupiah, mis. Rp 6.500.000
A5: 5b | B5: Total tunggakan seluruh keluarga | C5: =SUM(Data!$L$2:$L$31) -> 1575000 | D5: Rupiah, mis. Rp 6.500.000
A6: 6 | B6: Persentase iuran terkumpul | C6: =SUM(Data!$K$2:$K$31)/(Data!$P$2*Data!$P$3*COUNTA(Data!$B$2:$B$31)) -> 0.825 | D6: Persen, mis. 72,0%
A7: 7a | B7: Jumlah keluarga Lunas | C7: =COUNTIF(Data!$M$2:$M$31,"Lunas") -> 9 | D7: Angka bulat, mis. 10
A8: 7b | B8: Jumlah keluarga Menunggak 1-2 Bulan | C8: =COUNTIF(Data!$M$2:$M$31,"Menunggak 1-2 Bulan") -> 17 | D8: Angka bulat, mis. 10
A9: 7c | B9: Jumlah keluarga Menunggak 3+ Bulan | C9: =COUNTIF(Data!$M$2:$M$31,"Menunggak 3+ Bulan") -> 4 | D9: Angka bulat, mis. 10
A10: 11 | B10: Blok dengan tunggakan terbesar | C10: =INDEX(Acuan!$A$2:$A$4,MATCH(MAX(Acuan!$D$2:$D$4),Acuan!$D$2:$D$4,0)) -> C | D10: Teks: nama blok
